Type of Weapon/Force Involved,Assault Offesnses,Homicide Offenses,Human Trafficking Offenses,Kidnapping/Abduction,Sex Offenses,Extorsion/Blackmail,Robbery,Weapon Law Violations,Estado
Firearms,277022.0,13950.0,97.0,5312.0,2000.0,161.0,62094.0,269218.0,alabama
Firearm,92943.0,5225.0,22.0,1220.0,558.0,65.0,13379.0,66635.0,alabama
Automatic Firearm,2589.0,211.0,0.0,36.0,29.0,0.0,345.0,1585.0,alabama
Handgun,149516.0,6898.0,64.0,3482.0,1244.0,70.0,44086.0,171644.0,alabama
Automatic Handgun,4777.0,241.0,2.0,115.0,47.0,1.0,1253.0,5636.0,alabama
Rifle,13268.0,664.0,5.0,238.0,24.0,11.0,1474.0,11238.0,alabama
Automatic Rifle,868.0,54.0,0.0,14.0,3.0,3.0,112.0,518.0,alabama
Shotgun,4958.0,211.0,2.0,107.0,26.0,3.0,481.0,6109.0,alabama
Automatic Shotgun,92.0,5.0,0.0,4.0,0.0,0.0,6.0,78.0,alabama
Other Firearm,7764.0,431.0,2.0,89.0,68.0,6.0,924.0,5631.0,alabama
Automatic Other Firearm,247.0,10.0,0.0,7.0,1.0,2.0,34.0,144.0,alabama
Knife/Cutting Instrument,100762.0,1313.0,10.0,2020.0,1212.0,34.0,11797.0,23481.0,alabama
Personal Weapons,1661678.0,684.0,503.0,19490.0,105508.0,1128.0,42900.0,1121.0,alabama
All Other,417165.0,3447.0,629.0,5503.0,24193.0,3025.0,18567.0,26590.0,alabama
Blunt Object,60919.0,355.0,12.0,526.0,488.0,16.0,4298.0,5569.0,alabama
Motor Vehicle,35141.0,1135.0,11.0,657.0,43.0,8.0,888.0,386.0,alabama
Poison,653.0,18.0,0.0,8.0,37.0,0.0,73.0,38.0,alabama
Explosives,327.0,4.0,0.0,18.0,2.0,6.0,67.0,1798.0,alabama
Fire/Incendiary Device,1608.0,102.0,0.0,25.0,8.0,7.0,49.0,376.0,alabama
Drugs/Narcotics/Sleeping Pills,1038.0,325.0,30.0,78.0,1215.0,3.0,47.0,436.0,alabama
Asphyxiation,17182.0,112.0,2.0,326.0,451.0,3.0,231.0,43.0,alabama
Other Weapon,229836.0,553.0,144.0,1985.0,5923.0,1784.0,8358.0,13459.0,alabama
Unknown Weapons,70461.0,843.0,430.0,1880.0,16026.0,1198.0,4556.0,4485.0,alabama
No Weapon/Force Involved,244564.0,,1485.0,12109.0,63031.0,15968.0,19085.0,13720.0,alabama
Firearms,277022.0,13950.0,97.0,5312.0,2000.0,161.0,62094.0,269218.0,alaska
Firearm,92943.0,5225.0,22.0,1220.0,558.0,65.0,13379.0,66635.0,alaska
Automatic Firearm,2589.0,211.0,0.0,36.0,29.0,0.0,345.0,1585.0,alaska
Handgun,149516.0,6898.0,64.0,3482.0,1244.0,70.0,44086.0,171644.0,alaska
Automatic Handgun,4777.0,241.0,2.0,115.0,47.0,1.0,1253.0,5636.0,alaska
Rifle,13268.0,664.0,5.0,238.0,24.0,11.0,1474.0,11238.0,alaska
Automatic Rifle,868.0,54.0,0.0,14.0,3.0,3.0,112.0,518.0,alaska
Shotgun,4958.0,211.0,2.0,107.0,26.0,3.0,481.0,6109.0,alaska
Automatic Shotgun,92.0,5.0,0.0,4.0,0.0,0.0,6.0,78.0,alaska
Other Firearm,7764.0,431.0,2.0,89.0,68.0,6.0,924.0,5631.0,alaska
Automatic Other Firearm,247.0,10.0,0.0,7.0,1.0,2.0,34.0,144.0,alaska
Knife/Cutting Instrument,100762.0,1313.0,10.0,2020.0,1212.0,34.0,11797.0,23481.0,alaska
Personal Weapons,1661678.0,684.0,503.0,19490.0,105508.0,1128.0,42900.0,1121.0,alaska
All Other,417165.0,3447.0,629.0,5503.0,24193.0,3025.0,18567.0,26590.0,alaska
Blunt Object,60919.0,355.0,12.0,526.0,488.0,16.0,4298.0,5569.0,alaska
Motor Vehicle,35141.0,1135.0,11.0,657.0,43.0,8.0,888.0,386.0,alaska
Poison,653.0,18.0,0.0,8.0,37.0,0.0,73.0,38.0,alaska
Explosives,327.0,4.0,0.0,18.0,2.0,6.0,67.0,1798.0,alaska
Fire/Incendiary Device,1608.0,102.0,0.0,25.0,8.0,7.0,49.0,376.0,alaska
Drugs/Narcotics/Sleeping Pills,1038.0,325.0,30.0,78.0,1215.0,3.0,47.0,436.0,alaska
Asphyxiation,17182.0,112.0,2.0,326.0,451.0,3.0,231.0,43.0,alaska
Other Weapon,229836.0,553.0,144.0,1985.0,5923.0,1784.0,8358.0,13459.0,alaska
Unknown Weapons,70461.0,843.0,430.0,1880.0,16026.0,1198.0,4556.0,4485.0,alaska
No Weapon/Force Involved,244564.0,,1485.0,12109.0,63031.0,15968.0,19085.0,13720.0,alaska
Firearms,277022.0,13950.0,97.0,5312.0,2000.0,161.0,62094.0,269218.0,arizona
Firearm,92943.0,5225.0,22.0,1220.0,558.0,65.0,13379.0,66635.0,arizona
Automatic Firearm,2589.0,211.0,0.0,36.0,29.0,0.0,345.0,1585.0,arizona
Handgun,149516.0,6898.0,64.0,3482.0,1244.0,70.0,44086.0,171644.0,arizona
Automatic Handgun,4777.0,241.0,2.0,115.0,47.0,1.0,1253.0,5636.0,arizona
Rifle,13268.0,664.0,5.0,238.0,24.0,11.0,1474.0,11238.0,arizona
Automatic Rifle,868.0,54.0,0.0,14.0,3.0,3.0,112.0,518.0,arizona
Shotgun,4958.0,211.0,2.0,107.0,26.0,3.0,481.0,6109.0,arizona
Automatic Shotgun,92.0,5.0,0.0,4.0,0.0,0.0,6.0,78.0,arizona
Other Firearm,7764.0,431.0,2.0,89.0,68.0,6.0,924.0,5631.0,arizona
Automatic Other Firearm,247.0,10.0,0.0,7.0,1.0,2.0,34.0,144.0,arizona
Knife/Cutting Instrument,100762.0,1313.0,10.0,2020.0,1212.0,34.0,11797.0,23481.0,arizona
Personal Weapons,1661678.0,684.0,503.0,19490.0,105508.0,1128.0,42900.0,1121.0,arizona
All Other,417165.0,3447.0,629.0,5503.0,24193.0,3025.0,18567.0,26590.0,arizona
Blunt Object,60919.0,355.0,12.0,526.0,488.0,16.0,4298.0,5569.0,arizona
Motor Vehicle,35141.0,1135.0,11.0,657.0,43.0,8.0,888.0,386.0,arizona
Poison,653.0,18.0,0.0,8.0,37.0,0.0,73.0,38.0,arizona
Explosives,327.0,4.0,0.0,18.0,2.0,6.0,67.0,1798.0,arizona
Fire/Incendiary Device,1608.0,102.0,0.0,25.0,8.0,7.0,49.0,376.0,arizona
Drugs/Narcotics/Sleeping Pills,1038.0,325.0,30.0,78.0,1215.0,3.0,47.0,436.0,arizona
Asphyxiation,17182.0,112.0,2.0,326.0,451.0,3.0,231.0,43.0,arizona
Other Weapon,229836.0,553.0,144.0,1985.0,5923.0,1784.0,8358.0,13459.0,arizona
Unknown Weapons,70461.0,843.0,430.0,1880.0,16026.0,1198.0,4556.0,4485.0,arizona
No Weapon/Force Involved,244564.0,,1485.0,12109.0,63031.0,15968.0,19085.0,13720.0,arizona
Firearms,277022.0,13950.0,97.0,5312.0,2000.0,161.0,62094.0,269218.0,arkansas
Firearm,92943.0,5225.0,22.0,1220.0,558.0,65.0,13379.0,66635.0,arkansas
Automatic Firearm,2589.0,211.0,0.0,36.0,29.0,0.0,345.0,1585.0,arkansas
Handgun,149516.0,6898.0,64.0,3482.0,1244.0,70.0,44086.0,171644.0,arkansas
Automatic Handgun,4777.0,241.0,2.0,115.0,47.0,1.0,1253.0,5636.0,arkansas
Rifle,13268.0,664.0,5.0,238.0,24.0,11.0,1474.0,11238.0,arkansas
Automatic Rifle,868.0,54.0,0.0,14.0,3.0,3.0,112.0,518.0,arkansas
Shotgun,4958.0,211.0,2.0,107.0,26.0,3.0,481.0,6109.0,arkansas
Automatic Shotgun,92.0,5.0,0.0,4.0,0.0,0.0,6.0,78.0,arkansas
Other Firearm,7764.0,431.0,2.0,89.0,68.0,6.0,924.0,5631.0,arkansas
Automatic Other Firearm,247.0,10.0,0.0,7.0,1.0,2.0,34.0,144.0,arkansas
Knife/Cutting Instrument,100762.0,1313.0,10.0,2020.0,1212.0,34.0,11797.0,23481.0,arkansas
Personal Weapons,1661678.0,684.0,503.0,19490.0,105508.0,1128.0,42900.0,1121.0,arkansas
All Other,417165.0,3447.0,629.0,5503.0,24193.0,3025.0,18567.0,26590.0,arkansas
Blunt Object,60919.0,355.0,12.0,526.0,488.0,16.0,4298.0,5569.0,arkansas
Motor Vehicle,35141.0,1135.0,11.0,657.0,43.0,8.0,888.0,386.0,arkansas
Poison,653.0,18.0,0.0,8.0,37.0,0.0,73.0,38.0,arkansas
Explosives,327.0,4.0,0.0,18.0,2.0,6.0,67.0,1798.0,arkansas
Fire/Incendiary Device,1608.0,102.0,0.0,25.0,8.0,7.0,49.0,376.0,arkansas
Drugs/Narcotics/Sleeping Pills,1038.0,325.0,30.0,78.0,1215.0,3.0,47.0,436.0,arkansas
Asphyxiation,17182.0,112.0,2.0,326.0,451.0,3.0,231.0,43.0,arkansas
Other Weapon,229836.0,553.0,144.0,1985.0,5923.0,1784.0,8358.0,13459.0,arkansas
Unknown Weapons,70461.0,843.0,430.0,1880.0,16026.0,1198.0,4556.0,4485.0,arkansas
No Weapon/Force Involved,244564.0,,1485.0,12109.0,63031.0,15968.0,19085.0,13720.0,arkansas
Firearms,277022.0,13950.0,97.0,5312.0,2000.0,161.0,62094.0,269218.0,california
Firearm,92943.0,5225.0,22.0,1220.0,558.0,65.0,13379.0,66635.0,california
Automatic Firearm,2589.0,211.0,0.0,36.0,29.0,0.0,345.0,1585.0,california
Handgun,149516.0,6898.0,64.0,3482.0,1244.0,70.0,44086.0,171644.0,california
Automatic Handgun,4777.0,241.0,2.0,115.0,47.0,1.0,1253.0,5636.0,california
Rifle,13268.0,664.0,5.0,238.0,24.0,11.0,1474.0,11238.0,california
Automatic Rifle,868.0,54.0,0.0,14.0,3.0,3.0,112.0,518.0,california
Shotgun,4958.0,211.0,2.0,107.0,26.0,3.0,481.0,6109.0,california
Automatic Shotgun,92.0,5.0,0.0,4.0,0.0,0.0,6.0,78.0,california
Other Firearm,7764.0,431.0,2.0,89.0,68.0,6.0,924.0,5631.0,california
Automatic Other Firearm,247.0,10.0,0.0,7.0,1.0,2.0,34.0,144.0,california
Knife/Cutting Instrument,100762.0,1313.0,10.0,2020.0,1212.0,34.0,11797.0,23481.0,california
Personal Weapons,1661678.0,684.0,503.0,19490.0,105508.0,1128.0,42900.0,1121.0,california
All Other,417165.0,3447.0,629.0,5503.0,24193.0,3025.0,18567.0,26590.0,california
Blunt Object,60919.0,355.0,12.0,526.0,488.0,16.0,4298.0,5569.0,california
Motor Vehicle,35141.0,1135.0,11.0,657.0,43.0,8.0,888.0,386.0,california
Poison,653.0,18.0,0.0,8.0,37.0,0.0,73.0,38.0,california
Explosives,327.0,4.0,0.0,18.0,2.0,6.0,67.0,1798.0,california
Fire/Incendiary Device,1608.0,102.0,0.0,25.0,8.0,7.0,49.0,376.0,california
Drugs/Narcotics/Sleeping Pills,1038.0,325.0,30.0,78.0,1215.0,3.0,47.0,436.0,california
Asphyxiation,17182.0,112.0,2.0,326.0,451.0,3.0,231.0,43.0,california
Other Weapon,229836.0,553.0,144.0,1985.0,5923.0,1784.0,8358.0,13459.0,california
Unknown Weapons,70461.0,843.0,430.0,1880.0,16026.0,1198.0,4556.0,4485.0,california
No Weapon/Force Involved,244564.0,,1485.0,12109.0,63031.0,15968.0,19085.0,13720.0,california
Firearms,277022.0,13950.0,97.0,5312.0,2000.0,161.0,62094.0,269218.0,carolina
Firearm,92943.0,5225.0,22.0,1220.0,558.0,65.0,13379.0,66635.0,carolina
Automatic Firearm,2589.0,211.0,0.0,36.0,29.0,0.0,345.0,1585.0,carolina
Handgun,149516.0,6898.0,64.0,3482.0,1244.0,70.0,44086.0,171644.0,carolina
Automatic Handgun,4777.0,241.0,2.0,115.0,47.0,1.0,1253.0,5636.0,carolina
Rifle,13268.0,664.0,5.0,238.0,24.0,11.0,1474.0,11238.0,carolina
Automatic Rifle,868.0,54.0,0.0,14.0,3.0,3.0,112.0,518.0,carolina
Shotgun,4958.0,211.0,2.0,107.0,26.0,3.0,481.0,6109.0,carolina
Automatic Shotgun,92.0,5.0,0.0,4.0,0.0,0.0,6.0,78.0,carolina
Other Firearm,7764.0,431.0,2.0,89.0,68.0,6.0,924.0,5631.0,carolina
Automatic Other Firearm,247.0,10.0,0.0,7.0,1.0,2.0,34.0,144.0,carolina
Knife/Cutting Instrument,100762.0,1313.0,10.0,2020.0,1212.0,34.0,11797.0,23481.0,carolina
Personal Weapons,1661678.0,684.0,503.0,19490.0,105508.0,1128.0,42900.0,1121.0,carolina
All Other,417165.0,3447.0,629.0,5503.0,24193.0,3025.0,18567.0,26590.0,carolina
Blunt Object,60919.0,355.0,12.0,526.0,488.0,16.0,4298.0,5569.0,carolina
Motor Vehicle,35141.0,1135.0,11.0,657.0,43.0,8.0,888.0,386.0,carolina
Poison,653.0,18.0,0.0,8.0,37.0,0.0,73.0,38.0,carolina
Explosives,327.0,4.0,0.0,18.0,2.0,6.0,67.0,1798.0,carolina
Fire/Incendiary Device,1608.0,102.0,0.0,25.0,8.0,7.0,49.0,376.0,carolina
Drugs/Narcotics/Sleeping Pills,1038.0,325.0,30.0,78.0,1215.0,3.0,47.0,436.0,carolina
Asphyxiation,17182.0,112.0,2.0,326.0,451.0,3.0,231.0,43.0,carolina
Other Weapon,229836.0,553.0,144.0,1985.0,5923.0,1784.0,8358.0,13459.0,carolina
Unknown Weapons,70461.0,843.0,430.0,1880.0,16026.0,1198.0,4556.0,4485.0,carolina
No Weapon/Force Involved,244564.0,,1485.0,12109.0,63031.0,15968.0,19085.0,13720.0,carolina
Firearms,277022.0,13950.0,97.0,5312.0,2000.0,161.0,62094.0,269218.0,colorado
Firearm,92943.0,5225.0,22.0,1220.0,558.0,65.0,13379.0,66635.0,colorado
Automatic Firearm,2589.0,211.0,0.0,36.0,29.0,0.0,345.0,1585.0,colorado
Handgun,149516.0,6898.0,64.0,3482.0,1244.0,70.0,44086.0,171644.0,colorado
Automatic Handgun,4777.0,241.0,2.0,115.0,47.0,1.0,1253.0,5636.0,colorado
Rifle,13268.0,664.0,5.0,238.0,24.0,11.0,1474.0,11238.0,colorado
Automatic Rifle,868.0,54.0,0.0,14.0,3.0,3.0,112.0,518.0,colorado
Shotgun,4958.0,211.0,2.0,107.0,26.0,3.0,481.0,6109.0,colorado
Automatic Shotgun,92.0,5.0,0.0,4.0,0.0,0.0,6.0,78.0,colorado
Other Firearm,7764.0,431.0,2.0,89.0,68.0,6.0,924.0,5631.0,colorado
Automatic Other Firearm,247.0,10.0,0.0,7.0,1.0,2.0,34.0,144.0,colorado
Knife/Cutting Instrument,100762.0,1313.0,10.0,2020.0,1212.0,34.0,11797.0,23481.0,colorado
Personal Weapons,1661678.0,684.0,503.0,19490.0,105508.0,1128.0,42900.0,1121.0,colorado
All Other,417165.0,3447.0,629.0,5503.0,24193.0,3025.0,18567.0,26590.0,colorado
Blunt Object,60919.0,355.0,12.0,526.0,488.0,16.0,4298.0,5569.0,colorado
Motor Vehicle,35141.0,1135.0,11.0,657.0,43.0,8.0,888.0,386.0,colorado
Poison,653.0,18.0,0.0,8.0,37.0,0.0,73.0,38.0,colorado
Explosives,327.0,4.0,0.0,18.0,2.0,6.0,67.0,1798.0,colorado
Fire/Incendiary Device,1608.0,102.0,0.0,25.0,8.0,7.0,49.0,376.0,colorado
Drugs/Narcotics/Sleeping Pills,1038.0,325.0,30.0,78.0,1215.0,3.0,47.0,436.0,colorado
Asphyxiation,17182.0,112.0,2.0,326.0,451.0,3.0,231.0,43.0,colorado
Other Weapon,229836.0,553.0,144.0,1985.0,5923.0,1784.0,8358.0,13459.0,colorado
Unknown Weapons,70461.0,843.0,430.0,1880.0,16026.0,1198.0,4556.0,4485.0,colorado
No Weapon/Force Involved,244564.0,,1485.0,12109.0,63031.0,15968.0,19085.0,13720.0,colorado
Firearms,277022.0,13950.0,97.0,5312.0,2000.0,161.0,62094.0,269218.0,columbia
Firearm,92943.0,5225.0,22.0,1220.0,558.0,65.0,13379.0,66635.0,columbia
Automatic Firearm,2589.0,211.0,0.0,36.0,29.0,0.0,345.0,1585.0,columbia
Handgun,149516.0,6898.0,64.0,3482.0,1244.0,70.0,44086.0,171644.0,columbia
Automatic Handgun,4777.0,241.0,2.0,115.0,47.0,1.0,1253.0,5636.0,columbia
Rifle,13268.0,664.0,5.0,238.0,24.0,11.0,1474.0,11238.0,columbia
Automatic Rifle,868.0,54.0,0.0,14.0,3.0,3.0,112.0,518.0,columbia
Shotgun,4958.0,211.0,2.0,107.0,26.0,3.0,481.0,6109.0,columbia
Automatic Shotgun,92.0,5.0,0.0,4.0,0.0,0.0,6.0,78.0,columbia
Other Firearm,7764.0,431.0,2.0,89.0,68.0,6.0,924.0,5631.0,columbia
Automatic Other Firearm,247.0,10.0,0.0,7.0,1.0,2.0,34.0,144.0,columbia
Knife/Cutting Instrument,100762.0,1313.0,10.0,2020.0,1212.0,34.0,11797.0,23481.0,columbia
Personal Weapons,1661678.0,684.0,503.0,19490.0,105508.0,1128.0,42900.0,1121.0,columbia
All Other,417165.0,3447.0,629.0,5503.0,24193.0,3025.0,18567.0,26590.0,columbia
Blunt Object,60919.0,355.0,12.0,526.0,488.0,16.0,4298.0,5569.0,columbia
Motor Vehicle,35141.0,1135.0,11.0,657.0,43.0,8.0,888.0,386.0,columbia
Poison,653.0,18.0,0.0,8.0,37.0,0.0,73.0,38.0,columbia
Explosives,327.0,4.0,0.0,18.0,2.0,6.0,67.0,1798.0,columbia
Fire/Incendiary Device,1608.0,102.0,0.0,25.0,8.0,7.0,49.0,376.0,columbia
Drugs/Narcotics/Sleeping Pills,1038.0,325.0,30.0,78.0,1215.0,3.0,47.0,436.0,columbia
Asphyxiation,17182.0,112.0,2.0,326.0,451.0,3.0,231.0,43.0,columbia
Other Weapon,229836.0,553.0,144.0,1985.0,5923.0,1784.0,8358.0,13459.0,columbia
Unknown Weapons,70461.0,843.0,430.0,1880.0,16026.0,1198.0,4556.0,4485.0,columbia
No Weapon/Force Involved,244564.0,,1485.0,12109.0,63031.0,15968.0,19085.0,13720.0,columbia
Firearms,277022.0,13950.0,97.0,5312.0,2000.0,161.0,62094.0,269218.0,connecticut
Firearm,92943.0,5225.0,22.0,1220.0,558.0,65.0,13379.0,66635.0,connecticut
Automatic Firearm,2589.0,211.0,0.0,36.0,29.0,0.0,345.0,1585.0,connecticut
Handgun,149516.0,6898.0,64.0,3482.0,1244.0,70.0,44086.0,171644.0,connecticut
Automatic Handgun,4777.0,241.0,2.0,115.0,47.0,1.0,1253.0,5636.0,connecticut
Rifle,13268.0,664.0,5.0,238.0,24.0,11.0,1474.0,11238.0,connecticut
Automatic Rifle,868.0,54.0,0.0,14.0,3.0,3.0,112.0,518.0,connecticut
Shotgun,4958.0,211.0,2.0,107.0,26.0,3.0,481.0,6109.0,connecticut
Automatic Shotgun,92.0,5.0,0.0,4.0,0.0,0.0,6.0,78.0,connecticut
Other Firearm,7764.0,431.0,2.0,89.0,68.0,6.0,924.0,5631.0,connecticut
Automatic Other Firearm,247.0,10.0,0.0,7.0,1.0,2.0,34.0,144.0,connecticut
Knife/Cutting Instrument,100762.0,1313.0,10.0,2020.0,1212.0,34.0,11797.0,23481.0,connecticut
Personal Weapons,1661678.0,684.0,503.0,19490.0,105508.0,1128.0,42900.0,1121.0,connecticut
All Other,417165.0,3447.0,629.0,5503.0,24193.0,3025.0,18567.0,26590.0,connecticut
Blunt Object,60919.0,355.0,12.0,526.0,488.0,16.0,4298.0,5569.0,connecticut
Motor Vehicle,35141.0,1135.0,11.0,657.0,43.0,8.0,888.0,386.0,connecticut
Poison,653.0,18.0,0.0,8.0,37.0,0.0,73.0,38.0,connecticut
Explosives,327.0,4.0,0.0,18.0,2.0,6.0,67.0,1798.0,connecticut
Fire/Incendiary Device,1608.0,102.0,0.0,25.0,8.0,7.0,49.0,376.0,connecticut
Drugs/Narcotics/Sleeping Pills,1038.0,325.0,30.0,78.0,1215.0,3.0,47.0,436.0,connecticut
Asphyxiation,17182.0,112.0,2.0,326.0,451.0,3.0,231.0,43.0,connecticut
Other Weapon,229836.0,553.0,144.0,1985.0,5923.0,1784.0,8358.0,13459.0,connecticut
Unknown Weapons,70461.0,843.0,430.0,1880.0,16026.0,1198.0,4556.0,4485.0,connecticut
No Weapon/Force Involved,244564.0,,1485.0,12109.0,63031.0,15968.0,19085.0,13720.0,connecticut
Firearms,277022.0,13950.0,97.0,5312.0,2000.0,161.0,62094.0,269218.0,dakota
Firearm,92943.0,5225.0,22.0,1220.0,558.0,65.0,13379.0,66635.0,dakota
Automatic Firearm,2589.0,211.0,0.0,36.0,29.0,0.0,345.0,1585.0,dakota
Handgun,149516.0,6898.0,64.0,3482.0,1244.0,70.0,44086.0,171644.0,dakota
Automatic Handgun,4777.0,241.0,2.0,115.0,47.0,1.0,1253.0,5636.0,dakota
Rifle,13268.0,664.0,5.0,238.0,24.0,11.0,1474.0,11238.0,dakota
Automatic Rifle,868.0,54.0,0.0,14.0,3.0,3.0,112.0,518.0,dakota
Shotgun,4958.0,211.0,2.0,107.0,26.0,3.0,481.0,6109.0,dakota
Automatic Shotgun,92.0,5.0,0.0,4.0,0.0,0.0,6.0,78.0,dakota
Other Firearm,7764.0,431.0,2.0,89.0,68.0,6.0,924.0,5631.0,dakota
Automatic Other Firearm,247.0,10.0,0.0,7.0,1.0,2.0,34.0,144.0,dakota
Knife/Cutting Instrument,100762.0,1313.0,10.0,2020.0,1212.0,34.0,11797.0,23481.0,dakota
Personal Weapons,1661678.0,684.0,503.0,19490.0,105508.0,1128.0,42900.0,1121.0,dakota
All Other,417165.0,3447.0,629.0,5503.0,24193.0,3025.0,18567.0,26590.0,dakota
Blunt Object,60919.0,355.0,12.0,526.0,488.0,16.0,4298.0,5569.0,dakota
Motor Vehicle,35141.0,1135.0,11.0,657.0,43.0,8.0,888.0,386.0,dakota
Poison,653.0,18.0,0.0,8.0,37.0,0.0,73.0,38.0,dakota
Explosives,327.0,4.0,0.0,18.0,2.0,6.0,67.0,1798.0,dakota
Fire/Incendiary Device,1608.0,102.0,0.0,25.0,8.0,7.0,49.0,376.0,dakota
Drugs/Narcotics/Sleeping Pills,1038.0,325.0,30.0,78.0,1215.0,3.0,47.0,436.0,dakota
Asphyxiation,17182.0,112.0,2.0,326.0,451.0,3.0,231.0,43.0,dakota
Other Weapon,229836.0,553.0,144.0,1985.0,5923.0,1784.0,8358.0,13459.0,dakota
Unknown Weapons,70461.0,843.0,430.0,1880.0,16026.0,1198.0,4556.0,4485.0,dakota
No Weapon/Force Involved,244564.0,,1485.0,12109.0,63031.0,15968.0,19085.0,13720.0,dakota
Firearms,277022.0,13950.0,97.0,5312.0,2000.0,161.0,62094.0,269218.0,delaware
Firearm,92943.0,5225.0,22.0,1220.0,558.0,65.0,13379.0,66635.0,delaware
Automatic Firearm,2589.0,211.0,0.0,36.0,29.0,0.0,345.0,1585.0,delaware
Handgun,149516.0,6898.0,64.0,3482.0,1244.0,70.0,44086.0,171644.0,delaware
Automatic Handgun,4777.0,241.0,2.0,115.0,47.0,1.0,1253.0,5636.0,delaware
Rifle,13268.0,664.0,5.0,238.0,24.0,11.0,1474.0,11238.0,delaware
Automatic Rifle,868.0,54.0,0.0,14.0,3.0,3.0,112.0,518.0,delaware
Shotgun,4958.0,211.0,2.0,107.0,26.0,3.0,481.0,6109.0,delaware
Automatic Shotgun,92.0,5.0,0.0,4.0,0.0,0.0,6.0,78.0,delaware
Other Firearm,7764.0,431.0,2.0,89.0,68.0,6.0,924.0,5631.0,delaware
Automatic Other Firearm,247.0,10.0,0.0,7.0,1.0,2.0,34.0,144.0,delaware
Knife/Cutting Instrument,100762.0,1313.0,10.0,2020.0,1212.0,34.0,11797.0,23481.0,delaware
Personal Weapons,1661678.0,684.0,503.0,19490.0,105508.0,1128.0,42900.0,1121.0,delaware
All Other,417165.0,3447.0,629.0,5503.0,24193.0,3025.0,18567.0,26590.0,delaware
Blunt Object,60919.0,355.0,12.0,526.0,488.0,16.0,4298.0,5569.0,delaware
Motor Vehicle,35141.0,1135.0,11.0,657.0,43.0,8.0,888.0,386.0,delaware
Poison,653.0,18.0,0.0,8.0,37.0,0.0,73.0,38.0,delaware
Explosives,327.0,4.0,0.0,18.0,2.0,6.0,67.0,1798.0,delaware
Fire/Incendiary Device,1608.0,102.0,0.0,25.0,8.0,7.0,49.0,376.0,delaware
Drugs/Narcotics/Sleeping Pills,1038.0,325.0,30.0,78.0,1215.0,3.0,47.0,436.0,delaware
Asphyxiation,17182.0,112.0,2.0,326.0,451.0,3.0,231.0,43.0,delaware
Other Weapon,229836.0,553.0,144.0,1985.0,5923.0,1784.0,8358.0,13459.0,delaware
Unknown Weapons,70461.0,843.0,430.0,1880.0,16026.0,1198.0,4556.0,4485.0,delaware
No Weapon/Force Involved,244564.0,,1485.0,12109.0,63031.0,15968.0,19085.0,13720.0,delaware
Firearms,277022.0,13950.0,97.0,5312.0,2000.0,161.0,62094.0,269218.0,florida
Firearm,92943.0,5225.0,22.0,1220.0,558.0,65.0,13379.0,66635.0,florida
Automatic Firearm,2589.0,211.0,0.0,36.0,29.0,0.0,345.0,1585.0,florida
Handgun,149516.0,6898.0,64.0,3482.0,1244.0,70.0,44086.0,171644.0,florida
Automatic Handgun,4777.0,241.0,2.0,115.0,47.0,1.0,1253.0,5636.0,florida
Rifle,13268.0,664.0,5.0,238.0,24.0,11.0,1474.0,11238.0,florida
Automatic Rifle,868.0,54.0,0.0,14.0,3.0,3.0,112.0,518.0,florida
Shotgun,4958.0,211.0,2.0,107.0,26.0,3.0,481.0,6109.0,florida
Automatic Shotgun,92.0,5.0,0.0,4.0,0.0,0.0,6.0,78.0,florida
Other Firearm,7764.0,431.0,2.0,89.0,68.0,6.0,924.0,5631.0,florida
Automatic Other Firearm,247.0,10.0,0.0,7.0,1.0,2.0,34.0,144.0,florida
Knife/Cutting Instrument,100762.0,1313.0,10.0,2020.0,1212.0,34.0,11797.0,23481.0,florida
Personal Weapons,1661678.0,684.0,503.0,19490.0,105508.0,1128.0,42900.0,1121.0,florida
All Other,417165.0,3447.0,629.0,5503.0,24193.0,3025.0,18567.0,26590.0,florida
Blunt Object,60919.0,355.0,12.0,526.0,488.0,16.0,4298.0,5569.0,florida
Motor Vehicle,35141.0,1135.0,11.0,657.0,43.0,8.0,888.0,386.0,florida
Poison,653.0,18.0,0.0,8.0,37.0,0.0,73.0,38.0,florida
Explosives,327.0,4.0,0.0,18.0,2.0,6.0,67.0,1798.0,florida
Fire/Incendiary Device,1608.0,102.0,0.0,25.0,8.0,7.0,49.0,376.0,florida
Drugs/Narcotics/Sleeping Pills,1038.0,325.0,30.0,78.0,1215.0,3.0,47.0,436.0,florida
Asphyxiation,17182.0,112.0,2.0,326.0,451.0,3.0,231.0,43.0,florida
Other Weapon,229836.0,553.0,144.0,1985.0,5923.0,1784.0,8358.0,13459.0,florida
Unknown Weapons,70461.0,843.0,430.0,1880.0,16026.0,1198.0,4556.0,4485.0,florida
No Weapon/Force Involved,244564.0,,1485.0,12109.0,63031.0,15968.0,19085.0,13720.0,florida
Firearms,277022.0,13950.0,97.0,5312.0,2000.0,161.0,62094.0,269218.0,georgia
Firearm,92943.0,5225.0,22.0,1220.0,558.0,65.0,13379.0,66635.0,georgia
Automatic Firearm,2589.0,211.0,0.0,36.0,29.0,0.0,345.0,1585.0,georgia
Handgun,149516.0,6898.0,64.0,3482.0,1244.0,70.0,44086.0,171644.0,georgia
Automatic Handgun,4777.0,241.0,2.0,115.0,47.0,1.0,1253.0,5636.0,georgia
Rifle,13268.0,664.0,5.0,238.0,24.0,11.0,1474.0,11238.0,georgia
Automatic Rifle,868.0,54.0,0.0,14.0,3.0,3.0,112.0,518.0,georgia
Shotgun,4958.0,211.0,2.0,107.0,26.0,3.0,481.0,6109.0,georgia
Automatic Shotgun,92.0,5.0,0.0,4.0,0.0,0.0,6.0,78.0,georgia
Other Firearm,7764.0,431.0,2.0,89.0,68.0,6.0,924.0,5631.0,georgia
Automatic Other Firearm,247.0,10.0,0.0,7.0,1.0,2.0,34.0,144.0,georgia
Knife/Cutting Instrument,100762.0,1313.0,10.0,2020.0,1212.0,34.0,11797.0,23481.0,georgia
Personal Weapons,1661678.0,684.0,503.0,19490.0,105508.0,1128.0,42900.0,1121.0,georgia
All Other,417165.0,3447.0,629.0,5503.0,24193.0,3025.0,18567.0,26590.0,georgia
Blunt Object,60919.0,355.0,12.0,526.0,488.0,16.0,4298.0,5569.0,georgia
Motor Vehicle,35141.0,1135.0,11.0,657.0,43.0,8.0,888.0,386.0,georgia
Poison,653.0,18.0,0.0,8.0,37.0,0.0,73.0,38.0,georgia
Explosives,327.0,4.0,0.0,18.0,2.0,6.0,67.0,1798.0,georgia
Fire/Incendiary Device,1608.0,102.0,0.0,25.0,8.0,7.0,49.0,376.0,georgia
Drugs/Narcotics/Sleeping Pills,1038.0,325.0,30.0,78.0,1215.0,3.0,47.0,436.0,georgia
Asphyxiation,17182.0,112.0,2.0,326.0,451.0,3.0,231.0,43.0,georgia
Other Weapon,229836.0,553.0,144.0,1985.0,5923.0,1784.0,8358.0,13459.0,georgia
Unknown Weapons,70461.0,843.0,430.0,1880.0,16026.0,1198.0,4556.0,4485.0,georgia
No Weapon/Force Involved,244564.0,,1485.0,12109.0,63031.0,15968.0,19085.0,13720.0,georgia
Firearms,277022.0,13950.0,97.0,5312.0,2000.0,161.0,62094.0,269218.0,guam
Firearm,92943.0,5225.0,22.0,1220.0,558.0,65.0,13379.0,66635.0,guam
Automatic Firearm,2589.0,211.0,0.0,36.0,29.0,0.0,345.0,1585.0,guam
Handgun,149516.0,6898.0,64.0,3482.0,1244.0,70.0,44086.0,171644.0,guam
Automatic Handgun,4777.0,241.0,2.0,115.0,47.0,1.0,1253.0,5636.0,guam
Rifle,13268.0,664.0,5.0,238.0,24.0,11.0,1474.0,11238.0,guam
Automatic Rifle,868.0,54.0,0.0,14.0,3.0,3.0,112.0,518.0,guam
Shotgun,4958.0,211.0,2.0,107.0,26.0,3.0,481.0,6109.0,guam
Automatic Shotgun,92.0,5.0,0.0,4.0,0.0,0.0,6.0,78.0,guam
Other Firearm,7764.0,431.0,2.0,89.0,68.0,6.0,924.0,5631.0,guam
Automatic Other Firearm,247.0,10.0,0.0,7.0,1.0,2.0,34.0,144.0,guam
Knife/Cutting Instrument,100762.0,1313.0,10.0,2020.0,1212.0,34.0,11797.0,23481.0,guam
Personal Weapons,1661678.0,684.0,503.0,19490.0,105508.0,1128.0,42900.0,1121.0,guam
All Other,417165.0,3447.0,629.0,5503.0,24193.0,3025.0,18567.0,26590.0,guam
Blunt Object,60919.0,355.0,12.0,526.0,488.0,16.0,4298.0,5569.0,guam
Motor Vehicle,35141.0,1135.0,11.0,657.0,43.0,8.0,888.0,386.0,guam
Poison,653.0,18.0,0.0,8.0,37.0,0.0,73.0,38.0,guam
Explosives,327.0,4.0,0.0,18.0,2.0,6.0,67.0,1798.0,guam
Fire/Incendiary Device,1608.0,102.0,0.0,25.0,8.0,7.0,49.0,376.0,guam
Drugs/Narcotics/Sleeping Pills,1038.0,325.0,30.0,78.0,1215.0,3.0,47.0,436.0,guam
Asphyxiation,17182.0,112.0,2.0,326.0,451.0,3.0,231.0,43.0,guam
Other Weapon,229836.0,553.0,144.0,1985.0,5923.0,1784.0,8358.0,13459.0,guam
Unknown Weapons,70461.0,843.0,430.0,1880.0,16026.0,1198.0,4556.0,4485.0,guam
No Weapon/Force Involved,244564.0,,1485.0,12109.0,63031.0,15968.0,19085.0,13720.0,guam
Firearms,277022.0,13950.0,97.0,5312.0,2000.0,161.0,62094.0,269218.0,hampshire
Firearm,92943.0,5225.0,22.0,1220.0,558.0,65.0,13379.0,66635.0,hampshire
Automatic Firearm,2589.0,211.0,0.0,36.0,29.0,0.0,345.0,1585.0,hampshire
Handgun,149516.0,6898.0,64.0,3482.0,1244.0,70.0,44086.0,171644.0,hampshire
Automatic Handgun,4777.0,241.0,2.0,115.0,47.0,1.0,1253.0,5636.0,hampshire
Rifle,13268.0,664.0,5.0,238.0,24.0,11.0,1474.0,11238.0,hampshire
Automatic Rifle,868.0,54.0,0.0,14.0,3.0,3.0,112.0,518.0,hampshire
Shotgun,4958.0,211.0,2.0,107.0,26.0,3.0,481.0,6109.0,hampshire
Automatic Shotgun,92.0,5.0,0.0,4.0,0.0,0.0,6.0,78.0,hampshire
Other Firearm,7764.0,431.0,2.0,89.0,68.0,6.0,924.0,5631.0,hampshire
Automatic Other Firearm,247.0,10.0,0.0,7.0,1.0,2.0,34.0,144.0,hampshire
Knife/Cutting Instrument,100762.0,1313.0,10.0,2020.0,1212.0,34.0,11797.0,23481.0,hampshire
Personal Weapons,1661678.0,684.0,503.0,19490.0,105508.0,1128.0,42900.0,1121.0,hampshire
All Other,417165.0,3447.0,629.0,5503.0,24193.0,3025.0,18567.0,26590.0,hampshire
Blunt Object,60919.0,355.0,12.0,526.0,488.0,16.0,4298.0,5569.0,hampshire
Motor Vehicle,35141.0,1135.0,11.0,657.0,43.0,8.0,888.0,386.0,hampshire
Poison,653.0,18.0,0.0,8.0,37.0,0.0,73.0,38.0,hampshire
Explosives,327.0,4.0,0.0,18.0,2.0,6.0,67.0,1798.0,hampshire
Fire/Incendiary Device,1608.0,102.0,0.0,25.0,8.0,7.0,49.0,376.0,hampshire
Drugs/Narcotics/Sleeping Pills,1038.0,325.0,30.0,78.0,1215.0,3.0,47.0,436.0,hampshire
Asphyxiation,17182.0,112.0,2.0,326.0,451.0,3.0,231.0,43.0,hampshire
Other Weapon,229836.0,553.0,144.0,1985.0,5923.0,1784.0,8358.0,13459.0,hampshire
Unknown Weapons,70461.0,843.0,430.0,1880.0,16026.0,1198.0,4556.0,4485.0,hampshire
No Weapon/Force Involved,244564.0,,1485.0,12109.0,63031.0,15968.0,19085.0,13720.0,hampshire
Firearms,277022.0,13950.0,97.0,5312.0,2000.0,161.0,62094.0,269218.0,hawaii
Firearm,92943.0,5225.0,22.0,1220.0,558.0,65.0,13379.0,66635.0,hawaii
Automatic Firearm,2589.0,211.0,0.0,36.0,29.0,0.0,345.0,1585.0,hawaii
Handgun,149516.0,6898.0,64.0,3482.0,1244.0,70.0,44086.0,171644.0,hawaii
Automatic Handgun,4777.0,241.0,2.0,115.0,47.0,1.0,1253.0,5636.0,hawaii
Rifle,13268.0,664.0,5.0,238.0,24.0,11.0,1474.0,11238.0,hawaii
Automatic Rifle,868.0,54.0,0.0,14.0,3.0,3.0,112.0,518.0,hawaii
Shotgun,4958.0,211.0,2.0,107.0,26.0,3.0,481.0,6109.0,hawaii
Automatic Shotgun,92.0,5.0,0.0,4.0,0.0,0.0,6.0,78.0,hawaii
Other Firearm,7764.0,431.0,2.0,89.0,68.0,6.0,924.0,5631.0,hawaii
Automatic Other Firearm,247.0,10.0,0.0,7.0,1.0,2.0,34.0,144.0,hawaii
Knife/Cutting Instrument,100762.0,1313.0,10.0,2020.0,1212.0,34.0,11797.0,23481.0,hawaii
Personal Weapons,1661678.0,684.0,503.0,19490.0,105508.0,1128.0,42900.0,1121.0,hawaii
All Other,417165.0,3447.0,629.0,5503.0,24193.0,3025.0,18567.0,26590.0,hawaii
Blunt Object,60919.0,355.0,12.0,526.0,488.0,16.0,4298.0,5569.0,hawaii
Motor Vehicle,35141.0,1135.0,11.0,657.0,43.0,8.0,888.0,386.0,hawaii
Poison,653.0,18.0,0.0,8.0,37.0,0.0,73.0,38.0,hawaii
Explosives,327.0,4.0,0.0,18.0,2.0,6.0,67.0,1798.0,hawaii
Fire/Incendiary Device,1608.0,102.0,0.0,25.0,8.0,7.0,49.0,376.0,hawaii
Drugs/Narcotics/Sleeping Pills,1038.0,325.0,30.0,78.0,1215.0,3.0,47.0,436.0,hawaii
Asphyxiation,17182.0,112.0,2.0,326.0,451.0,3.0,231.0,43.0,hawaii
Other Weapon,229836.0,553.0,144.0,1985.0,5923.0,1784.0,8358.0,13459.0,hawaii
Unknown Weapons,70461.0,843.0,430.0,1880.0,16026.0,1198.0,4556.0,4485.0,hawaii
No Weapon/Force Involved,244564.0,,1485.0,12109.0,63031.0,15968.0,19085.0,13720.0,hawaii
Firearms,277022.0,13950.0,97.0,5312.0,2000.0,161.0,62094.0,269218.0,idaho
Firearm,92943.0,5225.0,22.0,1220.0,558.0,65.0,13379.0,66635.0,idaho
Automatic Firearm,2589.0,211.0,0.0,36.0,29.0,0.0,345.0,1585.0,idaho
Handgun,149516.0,6898.0,64.0,3482.0,1244.0,70.0,44086.0,171644.0,idaho
Automatic Handgun,4777.0,241.0,2.0,115.0,47.0,1.0,1253.0,5636.0,idaho
Rifle,13268.0,664.0,5.0,238.0,24.0,11.0,1474.0,11238.0,idaho
Automatic Rifle,868.0,54.0,0.0,14.0,3.0,3.0,112.0,518.0,idaho
Shotgun,4958.0,211.0,2.0,107.0,26.0,3.0,481.0,6109.0,idaho
Automatic Shotgun,92.0,5.0,0.0,4.0,0.0,0.0,6.0,78.0,idaho
Other Firearm,7764.0,431.0,2.0,89.0,68.0,6.0,924.0,5631.0,idaho
Automatic Other Firearm,247.0,10.0,0.0,7.0,1.0,2.0,34.0,144.0,idaho
Knife/Cutting Instrument,100762.0,1313.0,10.0,2020.0,1212.0,34.0,11797.0,23481.0,idaho
Personal Weapons,1661678.0,684.0,503.0,19490.0,105508.0,1128.0,42900.0,1121.0,idaho
All Other,417165.0,3447.0,629.0,5503.0,24193.0,3025.0,18567.0,26590.0,idaho
Blunt Object,60919.0,355.0,12.0,526.0,488.0,16.0,4298.0,5569.0,idaho
Motor Vehicle,35141.0,1135.0,11.0,657.0,43.0,8.0,888.0,386.0,idaho
Poison,653.0,18.0,0.0,8.0,37.0,0.0,73.0,38.0,idaho
Explosives,327.0,4.0,0.0,18.0,2.0,6.0,67.0,1798.0,idaho
Fire/Incendiary Device,1608.0,102.0,0.0,25.0,8.0,7.0,49.0,376.0,idaho
Drugs/Narcotics/Sleeping Pills,1038.0,325.0,30.0,78.0,1215.0,3.0,47.0,436.0,idaho
Asphyxiation,17182.0,112.0,2.0,326.0,451.0,3.0,231.0,43.0,idaho
Other Weapon,229836.0,553.0,144.0,1985.0,5923.0,1784.0,8358.0,13459.0,idaho
Unknown Weapons,70461.0,843.0,430.0,1880.0,16026.0,1198.0,4556.0,4485.0,idaho
No Weapon/Force Involved,244564.0,,1485.0,12109.0,63031.0,15968.0,19085.0,13720.0,idaho
Firearms,277022.0,13950.0,97.0,5312.0,2000.0,161.0,62094.0,269218.0,illinois
Firearm,92943.0,5225.0,22.0,1220.0,558.0,65.0,13379.0,66635.0,illinois
Automatic Firearm,2589.0,211.0,0.0,36.0,29.0,0.0,345.0,1585.0,illinois
Handgun,149516.0,6898.0,64.0,3482.0,1244.0,70.0,44086.0,171644.0,illinois
Automatic Handgun,4777.0,241.0,2.0,115.0,47.0,1.0,1253.0,5636.0,illinois
Rifle,13268.0,664.0,5.0,238.0,24.0,11.0,1474.0,11238.0,illinois
Automatic Rifle,868.0,54.0,0.0,14.0,3.0,3.0,112.0,518.0,illinois
Shotgun,4958.0,211.0,2.0,107.0,26.0,3.0,481.0,6109.0,illinois
Automatic Shotgun,92.0,5.0,0.0,4.0,0.0,0.0,6.0,78.0,illinois
Other Firearm,7764.0,431.0,2.0,89.0,68.0,6.0,924.0,5631.0,illinois
Automatic Other Firearm,247.0,10.0,0.0,7.0,1.0,2.0,34.0,144.0,illinois
Knife/Cutting Instrument,100762.0,1313.0,10.0,2020.0,1212.0,34.0,11797.0,23481.0,illinois
Personal Weapons,1661678.0,684.0,503.0,19490.0,105508.0,1128.0,42900.0,1121.0,illinois
All Other,417165.0,3447.0,629.0,5503.0,24193.0,3025.0,18567.0,26590.0,illinois
Blunt Object,60919.0,355.0,12.0,526.0,488.0,16.0,4298.0,5569.0,illinois
Motor Vehicle,35141.0,1135.0,11.0,657.0,43.0,8.0,888.0,386.0,illinois
Poison,653.0,18.0,0.0,8.0,37.0,0.0,73.0,38.0,illinois
Explosives,327.0,4.0,0.0,18.0,2.0,6.0,67.0,1798.0,illinois
Fire/Incendiary Device,1608.0,102.0,0.0,25.0,8.0,7.0,49.0,376.0,illinois
Drugs/Narcotics/Sleeping Pills,1038.0,325.0,30.0,78.0,1215.0,3.0,47.0,436.0,illinois
Asphyxiation,17182.0,112.0,2.0,326.0,451.0,3.0,231.0,43.0,illinois
Other Weapon,229836.0,553.0,144.0,1985.0,5923.0,1784.0,8358.0,13459.0,illinois
Unknown Weapons,70461.0,843.0,430.0,1880.0,16026.0,1198.0,4556.0,4485.0,illinois
No Weapon/Force Involved,244564.0,,1485.0,12109.0,63031.0,15968.0,19085.0,13720.0,illinois
Firearms,277022.0,13950.0,97.0,5312.0,2000.0,161.0,62094.0,269218.0,indiana
Firearm,92943.0,5225.0,22.0,1220.0,558.0,65.0,13379.0,66635.0,indiana
Automatic Firearm,2589.0,211.0,0.0,36.0,29.0,0.0,345.0,1585.0,indiana
Handgun,149516.0,6898.0,64.0,3482.0,1244.0,70.0,44086.0,171644.0,indiana
Automatic Handgun,4777.0,241.0,2.0,115.0,47.0,1.0,1253.0,5636.0,indiana
Rifle,13268.0,664.0,5.0,238.0,24.0,11.0,1474.0,11238.0,indiana
Automatic Rifle,868.0,54.0,0.0,14.0,3.0,3.0,112.0,518.0,indiana
Shotgun,4958.0,211.0,2.0,107.0,26.0,3.0,481.0,6109.0,indiana
Automatic Shotgun,92.0,5.0,0.0,4.0,0.0,0.0,6.0,78.0,indiana
Other Firearm,7764.0,431.0,2.0,89.0,68.0,6.0,924.0,5631.0,indiana
Automatic Other Firearm,247.0,10.0,0.0,7.0,1.0,2.0,34.0,144.0,indiana
Knife/Cutting Instrument,100762.0,1313.0,10.0,2020.0,1212.0,34.0,11797.0,23481.0,indiana
Personal Weapons,1661678.0,684.0,503.0,19490.0,105508.0,1128.0,42900.0,1121.0,indiana
All Other,417165.0,3447.0,629.0,5503.0,24193.0,3025.0,18567.0,26590.0,indiana
Blunt Object,60919.0,355.0,12.0,526.0,488.0,16.0,4298.0,5569.0,indiana
Motor Vehicle,35141.0,1135.0,11.0,657.0,43.0,8.0,888.0,386.0,indiana
Poison,653.0,18.0,0.0,8.0,37.0,0.0,73.0,38.0,indiana
Explosives,327.0,4.0,0.0,18.0,2.0,6.0,67.0,1798.0,indiana
Fire/Incendiary Device,1608.0,102.0,0.0,25.0,8.0,7.0,49.0,376.0,indiana
Drugs/Narcotics/Sleeping Pills,1038.0,325.0,30.0,78.0,1215.0,3.0,47.0,436.0,indiana
Asphyxiation,17182.0,112.0,2.0,326.0,451.0,3.0,231.0,43.0,indiana
Other Weapon,229836.0,553.0,144.0,1985.0,5923.0,1784.0,8358.0,13459.0,indiana
Unknown Weapons,70461.0,843.0,430.0,1880.0,16026.0,1198.0,4556.0,4485.0,indiana
No Weapon/Force Involved,244564.0,,1485.0,12109.0,63031.0,15968.0,19085.0,13720.0,indiana
Firearms,277022.0,13950.0,97.0,5312.0,2000.0,161.0,62094.0,269218.0,iowa
Firearm,92943.0,5225.0,22.0,1220.0,558.0,65.0,13379.0,66635.0,iowa
Automatic Firearm,2589.0,211.0,0.0,36.0,29.0,0.0,345.0,1585.0,iowa
Handgun,149516.0,6898.0,64.0,3482.0,1244.0,70.0,44086.0,171644.0,iowa
Automatic Handgun,4777.0,241.0,2.0,115.0,47.0,1.0,1253.0,5636.0,iowa
Rifle,13268.0,664.0,5.0,238.0,24.0,11.0,1474.0,11238.0,iowa
Automatic Rifle,868.0,54.0,0.0,14.0,3.0,3.0,112.0,518.0,iowa
Shotgun,4958.0,211.0,2.0,107.0,26.0,3.0,481.0,6109.0,iowa
Automatic Shotgun,92.0,5.0,0.0,4.0,0.0,0.0,6.0,78.0,iowa
Other Firearm,7764.0,431.0,2.0,89.0,68.0,6.0,924.0,5631.0,iowa
Automatic Other Firearm,247.0,10.0,0.0,7.0,1.0,2.0,34.0,144.0,iowa
Knife/Cutting Instrument,100762.0,1313.0,10.0,2020.0,1212.0,34.0,11797.0,23481.0,iowa
Personal Weapons,1661678.0,684.0,503.0,19490.0,105508.0,1128.0,42900.0,1121.0,iowa
All Other,417165.0,3447.0,629.0,5503.0,24193.0,3025.0,18567.0,26590.0,iowa
Blunt Object,60919.0,355.0,12.0,526.0,488.0,16.0,4298.0,5569.0,iowa
Motor Vehicle,35141.0,1135.0,11.0,657.0,43.0,8.0,888.0,386.0,iowa
Poison,653.0,18.0,0.0,8.0,37.0,0.0,73.0,38.0,iowa
Explosives,327.0,4.0,0.0,18.0,2.0,6.0,67.0,1798.0,iowa
Fire/Incendiary Device,1608.0,102.0,0.0,25.0,8.0,7.0,49.0,376.0,iowa
Drugs/Narcotics/Sleeping Pills,1038.0,325.0,30.0,78.0,1215.0,3.0,47.0,436.0,iowa
Asphyxiation,17182.0,112.0,2.0,326.0,451.0,3.0,231.0,43.0,iowa
Other Weapon,229836.0,553.0,144.0,1985.0,5923.0,1784.0,8358.0,13459.0,iowa
Unknown Weapons,70461.0,843.0,430.0,1880.0,16026.0,1198.0,4556.0,4485.0,iowa
No Weapon/Force Involved,244564.0,,1485.0,12109.0,63031.0,15968.0,19085.0,13720.0,iowa
Firearms,277022.0,13950.0,97.0,5312.0,2000.0,161.0,62094.0,269218.0,jersey
Firearm,92943.0,5225.0,22.0,1220.0,558.0,65.0,13379.0,66635.0,jersey
Automatic Firearm,2589.0,211.0,0.0,36.0,29.0,0.0,345.0,1585.0,jersey
Handgun,149516.0,6898.0,64.0,3482.0,1244.0,70.0,44086.0,171644.0,jersey
Automatic Handgun,4777.0,241.0,2.0,115.0,47.0,1.0,1253.0,5636.0,jersey
Rifle,13268.0,664.0,5.0,238.0,24.0,11.0,1474.0,11238.0,jersey
Automatic Rifle,868.0,54.0,0.0,14.0,3.0,3.0,112.0,518.0,jersey
Shotgun,4958.0,211.0,2.0,107.0,26.0,3.0,481.0,6109.0,jersey
Automatic Shotgun,92.0,5.0,0.0,4.0,0.0,0.0,6.0,78.0,jersey
Other Firearm,7764.0,431.0,2.0,89.0,68.0,6.0,924.0,5631.0,jersey
Automatic Other Firearm,247.0,10.0,0.0,7.0,1.0,2.0,34.0,144.0,jersey
Knife/Cutting Instrument,100762.0,1313.0,10.0,2020.0,1212.0,34.0,11797.0,23481.0,jersey
Personal Weapons,1661678.0,684.0,503.0,19490.0,105508.0,1128.0,42900.0,1121.0,jersey
All Other,417165.0,3447.0,629.0,5503.0,24193.0,3025.0,18567.0,26590.0,jersey
Blunt Object,60919.0,355.0,12.0,526.0,488.0,16.0,4298.0,5569.0,jersey
Motor Vehicle,35141.0,1135.0,11.0,657.0,43.0,8.0,888.0,386.0,jersey
Poison,653.0,18.0,0.0,8.0,37.0,0.0,73.0,38.0,jersey
Explosives,327.0,4.0,0.0,18.0,2.0,6.0,67.0,1798.0,jersey
Fire/Incendiary Device,1608.0,102.0,0.0,25.0,8.0,7.0,49.0,376.0,jersey
Drugs/Narcotics/Sleeping Pills,1038.0,325.0,30.0,78.0,1215.0,3.0,47.0,436.0,jersey
Asphyxiation,17182.0,112.0,2.0,326.0,451.0,3.0,231.0,43.0,jersey
Other Weapon,229836.0,553.0,144.0,1985.0,5923.0,1784.0,8358.0,13459.0,jersey
Unknown Weapons,70461.0,843.0,430.0,1880.0,16026.0,1198.0,4556.0,4485.0,jersey
No Weapon/Force Involved,244564.0,,1485.0,12109.0,63031.0,15968.0,19085.0,13720.0,jersey
Firearms,277022.0,13950.0,97.0,5312.0,2000.0,161.0,62094.0,269218.0,kansas
Firearm,92943.0,5225.0,22.0,1220.0,558.0,65.0,13379.0,66635.0,kansas
Automatic Firearm,2589.0,211.0,0.0,36.0,29.0,0.0,345.0,1585.0,kansas
Handgun,149516.0,6898.0,64.0,3482.0,1244.0,70.0,44086.0,171644.0,kansas
Automatic Handgun,4777.0,241.0,2.0,115.0,47.0,1.0,1253.0,5636.0,kansas
Rifle,13268.0,664.0,5.0,238.0,24.0,11.0,1474.0,11238.0,kansas
Automatic Rifle,868.0,54.0,0.0,14.0,3.0,3.0,112.0,518.0,kansas
Shotgun,4958.0,211.0,2.0,107.0,26.0,3.0,481.0,6109.0,kansas
Automatic Shotgun,92.0,5.0,0.0,4.0,0.0,0.0,6.0,78.0,kansas
Other Firearm,7764.0,431.0,2.0,89.0,68.0,6.0,924.0,5631.0,kansas
Automatic Other Firearm,247.0,10.0,0.0,7.0,1.0,2.0,34.0,144.0,kansas
Knife/Cutting Instrument,100762.0,1313.0,10.0,2020.0,1212.0,34.0,11797.0,23481.0,kansas
Personal Weapons,1661678.0,684.0,503.0,19490.0,105508.0,1128.0,42900.0,1121.0,kansas
All Other,417165.0,3447.0,629.0,5503.0,24193.0,3025.0,18567.0,26590.0,kansas
Blunt Object,60919.0,355.0,12.0,526.0,488.0,16.0,4298.0,5569.0,kansas
Motor Vehicle,35141.0,1135.0,11.0,657.0,43.0,8.0,888.0,386.0,kansas
Poison,653.0,18.0,0.0,8.0,37.0,0.0,73.0,38.0,kansas
Explosives,327.0,4.0,0.0,18.0,2.0,6.0,67.0,1798.0,kansas
Fire/Incendiary Device,1608.0,102.0,0.0,25.0,8.0,7.0,49.0,376.0,kansas
Drugs/Narcotics/Sleeping Pills,1038.0,325.0,30.0,78.0,1215.0,3.0,47.0,436.0,kansas
Asphyxiation,17182.0,112.0,2.0,326.0,451.0,3.0,231.0,43.0,kansas
Other Weapon,229836.0,553.0,144.0,1985.0,5923.0,1784.0,8358.0,13459.0,kansas
Unknown Weapons,70461.0,843.0,430.0,1880.0,16026.0,1198.0,4556.0,4485.0,kansas
No Weapon/Force Involved,244564.0,,1485.0,12109.0,63031.0,15968.0,19085.0,13720.0,kansas
Firearms,277022.0,13950.0,97.0,5312.0,2000.0,161.0,62094.0,269218.0,kentucky
Firearm,92943.0,5225.0,22.0,1220.0,558.0,65.0,13379.0,66635.0,kentucky
Automatic Firearm,2589.0,211.0,0.0,36.0,29.0,0.0,345.0,1585.0,kentucky
Handgun,149516.0,6898.0,64.0,3482.0,1244.0,70.0,44086.0,171644.0,kentucky
Automatic Handgun,4777.0,241.0,2.0,115.0,47.0,1.0,1253.0,5636.0,kentucky
Rifle,13268.0,664.0,5.0,238.0,24.0,11.0,1474.0,11238.0,kentucky
Automatic Rifle,868.0,54.0,0.0,14.0,3.0,3.0,112.0,518.0,kentucky
Shotgun,4958.0,211.0,2.0,107.0,26.0,3.0,481.0,6109.0,kentucky
Automatic Shotgun,92.0,5.0,0.0,4.0,0.0,0.0,6.0,78.0,kentucky
Other Firearm,7764.0,431.0,2.0,89.0,68.0,6.0,924.0,5631.0,kentucky
Automatic Other Firearm,247.0,10.0,0.0,7.0,1.0,2.0,34.0,144.0,kentucky
Knife/Cutting Instrument,100762.0,1313.0,10.0,2020.0,1212.0,34.0,11797.0,23481.0,kentucky
Personal Weapons,1661678.0,684.0,503.0,19490.0,105508.0,1128.0,42900.0,1121.0,kentucky
All Other,417165.0,3447.0,629.0,5503.0,24193.0,3025.0,18567.0,26590.0,kentucky
Blunt Object,60919.0,355.0,12.0,526.0,488.0,16.0,4298.0,5569.0,kentucky
Motor Vehicle,35141.0,1135.0,11.0,657.0,43.0,8.0,888.0,386.0,kentucky
Poison,653.0,18.0,0.0,8.0,37.0,0.0,73.0,38.0,kentucky
Explosives,327.0,4.0,0.0,18.0,2.0,6.0,67.0,1798.0,kentucky
Fire/Incendiary Device,1608.0,102.0,0.0,25.0,8.0,7.0,49.0,376.0,kentucky
Drugs/Narcotics/Sleeping Pills,1038.0,325.0,30.0,78.0,1215.0,3.0,47.0,436.0,kentucky
Asphyxiation,17182.0,112.0,2.0,326.0,451.0,3.0,231.0,43.0,kentucky
Other Weapon,229836.0,553.0,144.0,1985.0,5923.0,1784.0,8358.0,13459.0,kentucky
Unknown Weapons,70461.0,843.0,430.0,1880.0,16026.0,1198.0,4556.0,4485.0,kentucky
No Weapon/Force Involved,244564.0,,1485.0,12109.0,63031.0,15968.0,19085.0,13720.0,kentucky
Firearms,277022.0,13950.0,97.0,5312.0,2000.0,161.0,62094.0,269218.0,lousiana
Firearm,92943.0,5225.0,22.0,1220.0,558.0,65.0,13379.0,66635.0,lousiana
Automatic Firearm,2589.0,211.0,0.0,36.0,29.0,0.0,345.0,1585.0,lousiana
Handgun,149516.0,6898.0,64.0,3482.0,1244.0,70.0,44086.0,171644.0,lousiana
Automatic Handgun,4777.0,241.0,2.0,115.0,47.0,1.0,1253.0,5636.0,lousiana
Rifle,13268.0,664.0,5.0,238.0,24.0,11.0,1474.0,11238.0,lousiana
Automatic Rifle,868.0,54.0,0.0,14.0,3.0,3.0,112.0,518.0,lousiana
Shotgun,4958.0,211.0,2.0,107.0,26.0,3.0,481.0,6109.0,lousiana
Automatic Shotgun,92.0,5.0,0.0,4.0,0.0,0.0,6.0,78.0,lousiana
Other Firearm,7764.0,431.0,2.0,89.0,68.0,6.0,924.0,5631.0,lousiana
Automatic Other Firearm,247.0,10.0,0.0,7.0,1.0,2.0,34.0,144.0,lousiana
Knife/Cutting Instrument,100762.0,1313.0,10.0,2020.0,1212.0,34.0,11797.0,23481.0,lousiana
Personal Weapons,1661678.0,684.0,503.0,19490.0,105508.0,1128.0,42900.0,1121.0,lousiana
All Other,417165.0,3447.0,629.0,5503.0,24193.0,3025.0,18567.0,26590.0,lousiana
Blunt Object,60919.0,355.0,12.0,526.0,488.0,16.0,4298.0,5569.0,lousiana
Motor Vehicle,35141.0,1135.0,11.0,657.0,43.0,8.0,888.0,386.0,lousiana
Poison,653.0,18.0,0.0,8.0,37.0,0.0,73.0,38.0,lousiana
Explosives,327.0,4.0,0.0,18.0,2.0,6.0,67.0,1798.0,lousiana
Fire/Incendiary Device,1608.0,102.0,0.0,25.0,8.0,7.0,49.0,376.0,lousiana
Drugs/Narcotics/Sleeping Pills,1038.0,325.0,30.0,78.0,1215.0,3.0,47.0,436.0,lousiana
Asphyxiation,17182.0,112.0,2.0,326.0,451.0,3.0,231.0,43.0,lousiana
Other Weapon,229836.0,553.0,144.0,1985.0,5923.0,1784.0,8358.0,13459.0,lousiana
Unknown Weapons,70461.0,843.0,430.0,1880.0,16026.0,1198.0,4556.0,4485.0,lousiana
No Weapon/Force Involved,244564.0,,1485.0,12109.0,63031.0,15968.0,19085.0,13720.0,lousiana
Firearms,277022.0,13950.0,97.0,5312.0,2000.0,161.0,62094.0,269218.0,maine
Firearm,92943.0,5225.0,22.0,1220.0,558.0,65.0,13379.0,66635.0,maine
Automatic Firearm,2589.0,211.0,0.0,36.0,29.0,0.0,345.0,1585.0,maine
Handgun,149516.0,6898.0,64.0,3482.0,1244.0,70.0,44086.0,171644.0,maine
Automatic Handgun,4777.0,241.0,2.0,115.0,47.0,1.0,1253.0,5636.0,maine
Rifle,13268.0,664.0,5.0,238.0,24.0,11.0,1474.0,11238.0,maine
Automatic Rifle,868.0,54.0,0.0,14.0,3.0,3.0,112.0,518.0,maine
Shotgun,4958.0,211.0,2.0,107.0,26.0,3.0,481.0,6109.0,maine
Automatic Shotgun,92.0,5.0,0.0,4.0,0.0,0.0,6.0,78.0,maine
Other Firearm,7764.0,431.0,2.0,89.0,68.0,6.0,924.0,5631.0,maine
Automatic Other Firearm,247.0,10.0,0.0,7.0,1.0,2.0,34.0,144.0,maine
Knife/Cutting Instrument,100762.0,1313.0,10.0,2020.0,1212.0,34.0,11797.0,23481.0,maine
Personal Weapons,1661678.0,684.0,503.0,19490.0,105508.0,1128.0,42900.0,1121.0,maine
All Other,417165.0,3447.0,629.0,5503.0,24193.0,3025.0,18567.0,26590.0,maine
Blunt Object,60919.0,355.0,12.0,526.0,488.0,16.0,4298.0,5569.0,maine
Motor Vehicle,35141.0,1135.0,11.0,657.0,43.0,8.0,888.0,386.0,maine
Poison,653.0,18.0,0.0,8.0,37.0,0.0,73.0,38.0,maine
Explosives,327.0,4.0,0.0,18.0,2.0,6.0,67.0,1798.0,maine
Fire/Incendiary Device,1608.0,102.0,0.0,25.0,8.0,7.0,49.0,376.0,maine
Drugs/Narcotics/Sleeping Pills,1038.0,325.0,30.0,78.0,1215.0,3.0,47.0,436.0,maine
Asphyxiation,17182.0,112.0,2.0,326.0,451.0,3.0,231.0,43.0,maine
Other Weapon,229836.0,553.0,144.0,1985.0,5923.0,1784.0,8358.0,13459.0,maine
Unknown Weapons,70461.0,843.0,430.0,1880.0,16026.0,1198.0,4556.0,4485.0,maine
No Weapon/Force Involved,244564.0,,1485.0,12109.0,63031.0,15968.0,19085.0,13720.0,maine
Firearms,277022.0,13950.0,97.0,5312.0,2000.0,161.0,62094.0,269218.0,mariana
Firearm,92943.0,5225.0,22.0,1220.0,558.0,65.0,13379.0,66635.0,mariana
Automatic Firearm,2589.0,211.0,0.0,36.0,29.0,0.0,345.0,1585.0,mariana
Handgun,149516.0,6898.0,64.0,3482.0,1244.0,70.0,44086.0,171644.0,mariana
Automatic Handgun,4777.0,241.0,2.0,115.0,47.0,1.0,1253.0,5636.0,mariana
Rifle,13268.0,664.0,5.0,238.0,24.0,11.0,1474.0,11238.0,mariana
Automatic Rifle,868.0,54.0,0.0,14.0,3.0,3.0,112.0,518.0,mariana
Shotgun,4958.0,211.0,2.0,107.0,26.0,3.0,481.0,6109.0,mariana
Automatic Shotgun,92.0,5.0,0.0,4.0,0.0,0.0,6.0,78.0,mariana
Other Firearm,7764.0,431.0,2.0,89.0,68.0,6.0,924.0,5631.0,mariana
Automatic Other Firearm,247.0,10.0,0.0,7.0,1.0,2.0,34.0,144.0,mariana
Knife/Cutting Instrument,100762.0,1313.0,10.0,2020.0,1212.0,34.0,11797.0,23481.0,mariana
Personal Weapons,1661678.0,684.0,503.0,19490.0,105508.0,1128.0,42900.0,1121.0,mariana
All Other,417165.0,3447.0,629.0,5503.0,24193.0,3025.0,18567.0,26590.0,mariana
Blunt Object,60919.0,355.0,12.0,526.0,488.0,16.0,4298.0,5569.0,mariana
Motor Vehicle,35141.0,1135.0,11.0,657.0,43.0,8.0,888.0,386.0,mariana
Poison,653.0,18.0,0.0,8.0,37.0,0.0,73.0,38.0,mariana
Explosives,327.0,4.0,0.0,18.0,2.0,6.0,67.0,1798.0,mariana
Fire/Incendiary Device,1608.0,102.0,0.0,25.0,8.0,7.0,49.0,376.0,mariana
Drugs/Narcotics/Sleeping Pills,1038.0,325.0,30.0,78.0,1215.0,3.0,47.0,436.0,mariana
Asphyxiation,17182.0,112.0,2.0,326.0,451.0,3.0,231.0,43.0,mariana
Other Weapon,229836.0,553.0,144.0,1985.0,5923.0,1784.0,8358.0,13459.0,mariana
Unknown Weapons,70461.0,843.0,430.0,1880.0,16026.0,1198.0,4556.0,4485.0,mariana
No Weapon/Force Involved,244564.0,,1485.0,12109.0,63031.0,15968.0,19085.0,13720.0,mariana
Firearms,277022.0,13950.0,97.0,5312.0,2000.0,161.0,62094.0,269218.0,maryland
Firearm,92943.0,5225.0,22.0,1220.0,558.0,65.0,13379.0,66635.0,maryland
Automatic Firearm,2589.0,211.0,0.0,36.0,29.0,0.0,345.0,1585.0,maryland
Handgun,149516.0,6898.0,64.0,3482.0,1244.0,70.0,44086.0,171644.0,maryland
Automatic Handgun,4777.0,241.0,2.0,115.0,47.0,1.0,1253.0,5636.0,maryland
Rifle,13268.0,664.0,5.0,238.0,24.0,11.0,1474.0,11238.0,maryland
Automatic Rifle,868.0,54.0,0.0,14.0,3.0,3.0,112.0,518.0,maryland
Shotgun,4958.0,211.0,2.0,107.0,26.0,3.0,481.0,6109.0,maryland
Automatic Shotgun,92.0,5.0,0.0,4.0,0.0,0.0,6.0,78.0,maryland
Other Firearm,7764.0,431.0,2.0,89.0,68.0,6.0,924.0,5631.0,maryland
Automatic Other Firearm,247.0,10.0,0.0,7.0,1.0,2.0,34.0,144.0,maryland
Knife/Cutting Instrument,100762.0,1313.0,10.0,2020.0,1212.0,34.0,11797.0,23481.0,maryland
Personal Weapons,1661678.0,684.0,503.0,19490.0,105508.0,1128.0,42900.0,1121.0,maryland
All Other,417165.0,3447.0,629.0,5503.0,24193.0,3025.0,18567.0,26590.0,maryland
Blunt Object,60919.0,355.0,12.0,526.0,488.0,16.0,4298.0,5569.0,maryland
Motor Vehicle,35141.0,1135.0,11.0,657.0,43.0,8.0,888.0,386.0,maryland
Poison,653.0,18.0,0.0,8.0,37.0,0.0,73.0,38.0,maryland
Explosives,327.0,4.0,0.0,18.0,2.0,6.0,67.0,1798.0,maryland
Fire/Incendiary Device,1608.0,102.0,0.0,25.0,8.0,7.0,49.0,376.0,maryland
Drugs/Narcotics/Sleeping Pills,1038.0,325.0,30.0,78.0,1215.0,3.0,47.0,436.0,maryland
Asphyxiation,17182.0,112.0,2.0,326.0,451.0,3.0,231.0,43.0,maryland
Other Weapon,229836.0,553.0,144.0,1985.0,5923.0,1784.0,8358.0,13459.0,maryland
Unknown Weapons,70461.0,843.0,430.0,1880.0,16026.0,1198.0,4556.0,4485.0,maryland
No Weapon/Force Involved,244564.0,,1485.0,12109.0,63031.0,15968.0,19085.0,13720.0,maryland
Firearms,277022.0,13950.0,97.0,5312.0,2000.0,161.0,62094.0,269218.0,massachusets
Firearm,92943.0,5225.0,22.0,1220.0,558.0,65.0,13379.0,66635.0,massachusets
Automatic Firearm,2589.0,211.0,0.0,36.0,29.0,0.0,345.0,1585.0,massachusets
Handgun,149516.0,6898.0,64.0,3482.0,1244.0,70.0,44086.0,171644.0,massachusets
Automatic Handgun,4777.0,241.0,2.0,115.0,47.0,1.0,1253.0,5636.0,massachusets
Rifle,13268.0,664.0,5.0,238.0,24.0,11.0,1474.0,11238.0,massachusets
Automatic Rifle,868.0,54.0,0.0,14.0,3.0,3.0,112.0,518.0,massachusets
Shotgun,4958.0,211.0,2.0,107.0,26.0,3.0,481.0,6109.0,massachusets
Automatic Shotgun,92.0,5.0,0.0,4.0,0.0,0.0,6.0,78.0,massachusets
Other Firearm,7764.0,431.0,2.0,89.0,68.0,6.0,924.0,5631.0,massachusets
Automatic Other Firearm,247.0,10.0,0.0,7.0,1.0,2.0,34.0,144.0,massachusets
Knife/Cutting Instrument,100762.0,1313.0,10.0,2020.0,1212.0,34.0,11797.0,23481.0,massachusets
Personal Weapons,1661678.0,684.0,503.0,19490.0,105508.0,1128.0,42900.0,1121.0,massachusets
All Other,417165.0,3447.0,629.0,5503.0,24193.0,3025.0,18567.0,26590.0,massachusets
Blunt Object,60919.0,355.0,12.0,526.0,488.0,16.0,4298.0,5569.0,massachusets
Motor Vehicle,35141.0,1135.0,11.0,657.0,43.0,8.0,888.0,386.0,massachusets
Poison,653.0,18.0,0.0,8.0,37.0,0.0,73.0,38.0,massachusets
Explosives,327.0,4.0,0.0,18.0,2.0,6.0,67.0,1798.0,massachusets
Fire/Incendiary Device,1608.0,102.0,0.0,25.0,8.0,7.0,49.0,376.0,massachusets
Drugs/Narcotics/Sleeping Pills,1038.0,325.0,30.0,78.0,1215.0,3.0,47.0,436.0,massachusets
Asphyxiation,17182.0,112.0,2.0,326.0,451.0,3.0,231.0,43.0,massachusets
Other Weapon,229836.0,553.0,144.0,1985.0,5923.0,1784.0,8358.0,13459.0,massachusets
Unknown Weapons,70461.0,843.0,430.0,1880.0,16026.0,1198.0,4556.0,4485.0,massachusets
No Weapon/Force Involved,244564.0,,1485.0,12109.0,63031.0,15968.0,19085.0,13720.0,massachusets
Firearms,277022.0,13950.0,97.0,5312.0,2000.0,161.0,62094.0,269218.0,mexico
Firearm,92943.0,5225.0,22.0,1220.0,558.0,65.0,13379.0,66635.0,mexico
Automatic Firearm,2589.0,211.0,0.0,36.0,29.0,0.0,345.0,1585.0,mexico
Handgun,149516.0,6898.0,64.0,3482.0,1244.0,70.0,44086.0,171644.0,mexico
Automatic Handgun,4777.0,241.0,2.0,115.0,47.0,1.0,1253.0,5636.0,mexico
Rifle,13268.0,664.0,5.0,238.0,24.0,11.0,1474.0,11238.0,mexico
Automatic Rifle,868.0,54.0,0.0,14.0,3.0,3.0,112.0,518.0,mexico
Shotgun,4958.0,211.0,2.0,107.0,26.0,3.0,481.0,6109.0,mexico
Automatic Shotgun,92.0,5.0,0.0,4.0,0.0,0.0,6.0,78.0,mexico
Other Firearm,7764.0,431.0,2.0,89.0,68.0,6.0,924.0,5631.0,mexico
Automatic Other Firearm,247.0,10.0,0.0,7.0,1.0,2.0,34.0,144.0,mexico
Knife/Cutting Instrument,100762.0,1313.0,10.0,2020.0,1212.0,34.0,11797.0,23481.0,mexico
Personal Weapons,1661678.0,684.0,503.0,19490.0,105508.0,1128.0,42900.0,1121.0,mexico
All Other,417165.0,3447.0,629.0,5503.0,24193.0,3025.0,18567.0,26590.0,mexico
Blunt Object,60919.0,355.0,12.0,526.0,488.0,16.0,4298.0,5569.0,mexico
Motor Vehicle,35141.0,1135.0,11.0,657.0,43.0,8.0,888.0,386.0,mexico
Poison,653.0,18.0,0.0,8.0,37.0,0.0,73.0,38.0,mexico
Explosives,327.0,4.0,0.0,18.0,2.0,6.0,67.0,1798.0,mexico
Fire/Incendiary Device,1608.0,102.0,0.0,25.0,8.0,7.0,49.0,376.0,mexico
Drugs/Narcotics/Sleeping Pills,1038.0,325.0,30.0,78.0,1215.0,3.0,47.0,436.0,mexico
Asphyxiation,17182.0,112.0,2.0,326.0,451.0,3.0,231.0,43.0,mexico
Other Weapon,229836.0,553.0,144.0,1985.0,5923.0,1784.0,8358.0,13459.0,mexico
Unknown Weapons,70461.0,843.0,430.0,1880.0,16026.0,1198.0,4556.0,4485.0,mexico
No Weapon/Force Involved,244564.0,,1485.0,12109.0,63031.0,15968.0,19085.0,13720.0,mexico
Firearms,277022.0,13950.0,97.0,5312.0,2000.0,161.0,62094.0,269218.0,michigan
Firearm,92943.0,5225.0,22.0,1220.0,558.0,65.0,13379.0,66635.0,michigan
Automatic Firearm,2589.0,211.0,0.0,36.0,29.0,0.0,345.0,1585.0,michigan
Handgun,149516.0,6898.0,64.0,3482.0,1244.0,70.0,44086.0,171644.0,michigan
Automatic Handgun,4777.0,241.0,2.0,115.0,47.0,1.0,1253.0,5636.0,michigan
Rifle,13268.0,664.0,5.0,238.0,24.0,11.0,1474.0,11238.0,michigan
Automatic Rifle,868.0,54.0,0.0,14.0,3.0,3.0,112.0,518.0,michigan
Shotgun,4958.0,211.0,2.0,107.0,26.0,3.0,481.0,6109.0,michigan
Automatic Shotgun,92.0,5.0,0.0,4.0,0.0,0.0,6.0,78.0,michigan
Other Firearm,7764.0,431.0,2.0,89.0,68.0,6.0,924.0,5631.0,michigan
Automatic Other Firearm,247.0,10.0,0.0,7.0,1.0,2.0,34.0,144.0,michigan
Knife/Cutting Instrument,100762.0,1313.0,10.0,2020.0,1212.0,34.0,11797.0,23481.0,michigan
Personal Weapons,1661678.0,684.0,503.0,19490.0,105508.0,1128.0,42900.0,1121.0,michigan
All Other,417165.0,3447.0,629.0,5503.0,24193.0,3025.0,18567.0,26590.0,michigan
Blunt Object,60919.0,355.0,12.0,526.0,488.0,16.0,4298.0,5569.0,michigan
Motor Vehicle,35141.0,1135.0,11.0,657.0,43.0,8.0,888.0,386.0,michigan
Poison,653.0,18.0,0.0,8.0,37.0,0.0,73.0,38.0,michigan
Explosives,327.0,4.0,0.0,18.0,2.0,6.0,67.0,1798.0,michigan
Fire/Incendiary Device,1608.0,102.0,0.0,25.0,8.0,7.0,49.0,376.0,michigan
Drugs/Narcotics/Sleeping Pills,1038.0,325.0,30.0,78.0,1215.0,3.0,47.0,436.0,michigan
Asphyxiation,17182.0,112.0,2.0,326.0,451.0,3.0,231.0,43.0,michigan
Other Weapon,229836.0,553.0,144.0,1985.0,5923.0,1784.0,8358.0,13459.0,michigan
Unknown Weapons,70461.0,843.0,430.0,1880.0,16026.0,1198.0,4556.0,4485.0,michigan
No Weapon/Force Involved,244564.0,,1485.0,12109.0,63031.0,15968.0,19085.0,13720.0,michigan
Firearms,277022.0,13950.0,97.0,5312.0,2000.0,161.0,62094.0,269218.0,minnesota
Firearm,92943.0,5225.0,22.0,1220.0,558.0,65.0,13379.0,66635.0,minnesota
Automatic Firearm,2589.0,211.0,0.0,36.0,29.0,0.0,345.0,1585.0,minnesota
Handgun,149516.0,6898.0,64.0,3482.0,1244.0,70.0,44086.0,171644.0,minnesota
Automatic Handgun,4777.0,241.0,2.0,115.0,47.0,1.0,1253.0,5636.0,minnesota
Rifle,13268.0,664.0,5.0,238.0,24.0,11.0,1474.0,11238.0,minnesota
Automatic Rifle,868.0,54.0,0.0,14.0,3.0,3.0,112.0,518.0,minnesota
Shotgun,4958.0,211.0,2.0,107.0,26.0,3.0,481.0,6109.0,minnesota
Automatic Shotgun,92.0,5.0,0.0,4.0,0.0,0.0,6.0,78.0,minnesota
Other Firearm,7764.0,431.0,2.0,89.0,68.0,6.0,924.0,5631.0,minnesota
Automatic Other Firearm,247.0,10.0,0.0,7.0,1.0,2.0,34.0,144.0,minnesota
Knife/Cutting Instrument,100762.0,1313.0,10.0,2020.0,1212.0,34.0,11797.0,23481.0,minnesota
Personal Weapons,1661678.0,684.0,503.0,19490.0,105508.0,1128.0,42900.0,1121.0,minnesota
All Other,417165.0,3447.0,629.0,5503.0,24193.0,3025.0,18567.0,26590.0,minnesota
Blunt Object,60919.0,355.0,12.0,526.0,488.0,16.0,4298.0,5569.0,minnesota
Motor Vehicle,35141.0,1135.0,11.0,657.0,43.0,8.0,888.0,386.0,minnesota
Poison,653.0,18.0,0.0,8.0,37.0,0.0,73.0,38.0,minnesota
Explosives,327.0,4.0,0.0,18.0,2.0,6.0,67.0,1798.0,minnesota
Fire/Incendiary Device,1608.0,102.0,0.0,25.0,8.0,7.0,49.0,376.0,minnesota
Drugs/Narcotics/Sleeping Pills,1038.0,325.0,30.0,78.0,1215.0,3.0,47.0,436.0,minnesota
Asphyxiation,17182.0,112.0,2.0,326.0,451.0,3.0,231.0,43.0,minnesota
Other Weapon,229836.0,553.0,144.0,1985.0,5923.0,1784.0,8358.0,13459.0,minnesota
Unknown Weapons,70461.0,843.0,430.0,1880.0,16026.0,1198.0,4556.0,4485.0,minnesota
No Weapon/Force Involved,244564.0,,1485.0,12109.0,63031.0,15968.0,19085.0,13720.0,minnesota
Firearms,277022.0,13950.0,97.0,5312.0,2000.0,161.0,62094.0,269218.0,mississipi
Firearm,92943.0,5225.0,22.0,1220.0,558.0,65.0,13379.0,66635.0,mississipi
Automatic Firearm,2589.0,211.0,0.0,36.0,29.0,0.0,345.0,1585.0,mississipi
Handgun,149516.0,6898.0,64.0,3482.0,1244.0,70.0,44086.0,171644.0,mississipi
Automatic Handgun,4777.0,241.0,2.0,115.0,47.0,1.0,1253.0,5636.0,mississipi
Rifle,13268.0,664.0,5.0,238.0,24.0,11.0,1474.0,11238.0,mississipi
Automatic Rifle,868.0,54.0,0.0,14.0,3.0,3.0,112.0,518.0,mississipi
Shotgun,4958.0,211.0,2.0,107.0,26.0,3.0,481.0,6109.0,mississipi
Automatic Shotgun,92.0,5.0,0.0,4.0,0.0,0.0,6.0,78.0,mississipi
Other Firearm,7764.0,431.0,2.0,89.0,68.0,6.0,924.0,5631.0,mississipi
Automatic Other Firearm,247.0,10.0,0.0,7.0,1.0,2.0,34.0,144.0,mississipi
Knife/Cutting Instrument,100762.0,1313.0,10.0,2020.0,1212.0,34.0,11797.0,23481.0,mississipi
Personal Weapons,1661678.0,684.0,503.0,19490.0,105508.0,1128.0,42900.0,1121.0,mississipi
All Other,417165.0,3447.0,629.0,5503.0,24193.0,3025.0,18567.0,26590.0,mississipi
Blunt Object,60919.0,355.0,12.0,526.0,488.0,16.0,4298.0,5569.0,mississipi
Motor Vehicle,35141.0,1135.0,11.0,657.0,43.0,8.0,888.0,386.0,mississipi
Poison,653.0,18.0,0.0,8.0,37.0,0.0,73.0,38.0,mississipi
Explosives,327.0,4.0,0.0,18.0,2.0,6.0,67.0,1798.0,mississipi
Fire/Incendiary Device,1608.0,102.0,0.0,25.0,8.0,7.0,49.0,376.0,mississipi
Drugs/Narcotics/Sleeping Pills,1038.0,325.0,30.0,78.0,1215.0,3.0,47.0,436.0,mississipi
Asphyxiation,17182.0,112.0,2.0,326.0,451.0,3.0,231.0,43.0,mississipi
Other Weapon,229836.0,553.0,144.0,1985.0,5923.0,1784.0,8358.0,13459.0,mississipi
Unknown Weapons,70461.0,843.0,430.0,1880.0,16026.0,1198.0,4556.0,4485.0,mississipi
No Weapon/Force Involved,244564.0,,1485.0,12109.0,63031.0,15968.0,19085.0,13720.0,mississipi
Firearms,277022.0,13950.0,97.0,5312.0,2000.0,161.0,62094.0,269218.0,missouri
Firearm,92943.0,5225.0,22.0,1220.0,558.0,65.0,13379.0,66635.0,missouri
Automatic Firearm,2589.0,211.0,0.0,36.0,29.0,0.0,345.0,1585.0,missouri
Handgun,149516.0,6898.0,64.0,3482.0,1244.0,70.0,44086.0,171644.0,missouri
Automatic Handgun,4777.0,241.0,2.0,115.0,47.0,1.0,1253.0,5636.0,missouri
Rifle,13268.0,664.0,5.0,238.0,24.0,11.0,1474.0,11238.0,missouri
Automatic Rifle,868.0,54.0,0.0,14.0,3.0,3.0,112.0,518.0,missouri
Shotgun,4958.0,211.0,2.0,107.0,26.0,3.0,481.0,6109.0,missouri
Automatic Shotgun,92.0,5.0,0.0,4.0,0.0,0.0,6.0,78.0,missouri
Other Firearm,7764.0,431.0,2.0,89.0,68.0,6.0,924.0,5631.0,missouri
Automatic Other Firearm,247.0,10.0,0.0,7.0,1.0,2.0,34.0,144.0,missouri
Knife/Cutting Instrument,100762.0,1313.0,10.0,2020.0,1212.0,34.0,11797.0,23481.0,missouri
Personal Weapons,1661678.0,684.0,503.0,19490.0,105508.0,1128.0,42900.0,1121.0,missouri
All Other,417165.0,3447.0,629.0,5503.0,24193.0,3025.0,18567.0,26590.0,missouri
Blunt Object,60919.0,355.0,12.0,526.0,488.0,16.0,4298.0,5569.0,missouri
Motor Vehicle,35141.0,1135.0,11.0,657.0,43.0,8.0,888.0,386.0,missouri
Poison,653.0,18.0,0.0,8.0,37.0,0.0,73.0,38.0,missouri
Explosives,327.0,4.0,0.0,18.0,2.0,6.0,67.0,1798.0,missouri
Fire/Incendiary Device,1608.0,102.0,0.0,25.0,8.0,7.0,49.0,376.0,missouri
Drugs/Narcotics/Sleeping Pills,1038.0,325.0,30.0,78.0,1215.0,3.0,47.0,436.0,missouri
Asphyxiation,17182.0,112.0,2.0,326.0,451.0,3.0,231.0,43.0,missouri
Other Weapon,229836.0,553.0,144.0,1985.0,5923.0,1784.0,8358.0,13459.0,missouri
Unknown Weapons,70461.0,843.0,430.0,1880.0,16026.0,1198.0,4556.0,4485.0,missouri
No Weapon/Force Involved,244564.0,,1485.0,12109.0,63031.0,15968.0,19085.0,13720.0,missouri
Firearms,277022.0,13950.0,97.0,5312.0,2000.0,161.0,62094.0,269218.0,montana
Firearm,92943.0,5225.0,22.0,1220.0,558.0,65.0,13379.0,66635.0,montana
Automatic Firearm,2589.0,211.0,0.0,36.0,29.0,0.0,345.0,1585.0,montana
Handgun,149516.0,6898.0,64.0,3482.0,1244.0,70.0,44086.0,171644.0,montana
Automatic Handgun,4777.0,241.0,2.0,115.0,47.0,1.0,1253.0,5636.0,montana
Rifle,13268.0,664.0,5.0,238.0,24.0,11.0,1474.0,11238.0,montana
Automatic Rifle,868.0,54.0,0.0,14.0,3.0,3.0,112.0,518.0,montana
Shotgun,4958.0,211.0,2.0,107.0,26.0,3.0,481.0,6109.0,montana
Automatic Shotgun,92.0,5.0,0.0,4.0,0.0,0.0,6.0,78.0,montana
Other Firearm,7764.0,431.0,2.0,89.0,68.0,6.0,924.0,5631.0,montana
Automatic Other Firearm,247.0,10.0,0.0,7.0,1.0,2.0,34.0,144.0,montana
Knife/Cutting Instrument,100762.0,1313.0,10.0,2020.0,1212.0,34.0,11797.0,23481.0,montana
Personal Weapons,1661678.0,684.0,503.0,19490.0,105508.0,1128.0,42900.0,1121.0,montana
All Other,417165.0,3447.0,629.0,5503.0,24193.0,3025.0,18567.0,26590.0,montana
Blunt Object,60919.0,355.0,12.0,526.0,488.0,16.0,4298.0,5569.0,montana
Motor Vehicle,35141.0,1135.0,11.0,657.0,43.0,8.0,888.0,386.0,montana
Poison,653.0,18.0,0.0,8.0,37.0,0.0,73.0,38.0,montana
Explosives,327.0,4.0,0.0,18.0,2.0,6.0,67.0,1798.0,montana
Fire/Incendiary Device,1608.0,102.0,0.0,25.0,8.0,7.0,49.0,376.0,montana
Drugs/Narcotics/Sleeping Pills,1038.0,325.0,30.0,78.0,1215.0,3.0,47.0,436.0,montana
Asphyxiation,17182.0,112.0,2.0,326.0,451.0,3.0,231.0,43.0,montana
Other Weapon,229836.0,553.0,144.0,1985.0,5923.0,1784.0,8358.0,13459.0,montana
Unknown Weapons,70461.0,843.0,430.0,1880.0,16026.0,1198.0,4556.0,4485.0,montana
No Weapon/Force Involved,244564.0,,1485.0,12109.0,63031.0,15968.0,19085.0,13720.0,montana
Firearms,277022.0,13950.0,97.0,5312.0,2000.0,161.0,62094.0,269218.0,nebraska
Firearm,92943.0,5225.0,22.0,1220.0,558.0,65.0,13379.0,66635.0,nebraska
Automatic Firearm,2589.0,211.0,0.0,36.0,29.0,0.0,345.0,1585.0,nebraska
Handgun,149516.0,6898.0,64.0,3482.0,1244.0,70.0,44086.0,171644.0,nebraska
Automatic Handgun,4777.0,241.0,2.0,115.0,47.0,1.0,1253.0,5636.0,nebraska
Rifle,13268.0,664.0,5.0,238.0,24.0,11.0,1474.0,11238.0,nebraska
Automatic Rifle,868.0,54.0,0.0,14.0,3.0,3.0,112.0,518.0,nebraska
Shotgun,4958.0,211.0,2.0,107.0,26.0,3.0,481.0,6109.0,nebraska
Automatic Shotgun,92.0,5.0,0.0,4.0,0.0,0.0,6.0,78.0,nebraska
Other Firearm,7764.0,431.0,2.0,89.0,68.0,6.0,924.0,5631.0,nebraska
Automatic Other Firearm,247.0,10.0,0.0,7.0,1.0,2.0,34.0,144.0,nebraska
Knife/Cutting Instrument,100762.0,1313.0,10.0,2020.0,1212.0,34.0,11797.0,23481.0,nebraska
Personal Weapons,1661678.0,684.0,503.0,19490.0,105508.0,1128.0,42900.0,1121.0,nebraska
All Other,417165.0,3447.0,629.0,5503.0,24193.0,3025.0,18567.0,26590.0,nebraska
Blunt Object,60919.0,355.0,12.0,526.0,488.0,16.0,4298.0,5569.0,nebraska
Motor Vehicle,35141.0,1135.0,11.0,657.0,43.0,8.0,888.0,386.0,nebraska
Poison,653.0,18.0,0.0,8.0,37.0,0.0,73.0,38.0,nebraska
Explosives,327.0,4.0,0.0,18.0,2.0,6.0,67.0,1798.0,nebraska
Fire/Incendiary Device,1608.0,102.0,0.0,25.0,8.0,7.0,49.0,376.0,nebraska
Drugs/Narcotics/Sleeping Pills,1038.0,325.0,30.0,78.0,1215.0,3.0,47.0,436.0,nebraska
Asphyxiation,17182.0,112.0,2.0,326.0,451.0,3.0,231.0,43.0,nebraska
Other Weapon,229836.0,553.0,144.0,1985.0,5923.0,1784.0,8358.0,13459.0,nebraska
Unknown Weapons,70461.0,843.0,430.0,1880.0,16026.0,1198.0,4556.0,4485.0,nebraska
No Weapon/Force Involved,244564.0,,1485.0,12109.0,63031.0,15968.0,19085.0,13720.0,nebraska
Firearms,277022.0,13950.0,97.0,5312.0,2000.0,161.0,62094.0,269218.0,nevada
Firearm,92943.0,5225.0,22.0,1220.0,558.0,65.0,13379.0,66635.0,nevada
Automatic Firearm,2589.0,211.0,0.0,36.0,29.0,0.0,345.0,1585.0,nevada
Handgun,149516.0,6898.0,64.0,3482.0,1244.0,70.0,44086.0,171644.0,nevada
Automatic Handgun,4777.0,241.0,2.0,115.0,47.0,1.0,1253.0,5636.0,nevada
Rifle,13268.0,664.0,5.0,238.0,24.0,11.0,1474.0,11238.0,nevada
Automatic Rifle,868.0,54.0,0.0,14.0,3.0,3.0,112.0,518.0,nevada
Shotgun,4958.0,211.0,2.0,107.0,26.0,3.0,481.0,6109.0,nevada
Automatic Shotgun,92.0,5.0,0.0,4.0,0.0,0.0,6.0,78.0,nevada
Other Firearm,7764.0,431.0,2.0,89.0,68.0,6.0,924.0,5631.0,nevada
Automatic Other Firearm,247.0,10.0,0.0,7.0,1.0,2.0,34.0,144.0,nevada
Knife/Cutting Instrument,100762.0,1313.0,10.0,2020.0,1212.0,34.0,11797.0,23481.0,nevada
Personal Weapons,1661678.0,684.0,503.0,19490.0,105508.0,1128.0,42900.0,1121.0,nevada
All Other,417165.0,3447.0,629.0,5503.0,24193.0,3025.0,18567.0,26590.0,nevada
Blunt Object,60919.0,355.0,12.0,526.0,488.0,16.0,4298.0,5569.0,nevada
Motor Vehicle,35141.0,1135.0,11.0,657.0,43.0,8.0,888.0,386.0,nevada
Poison,653.0,18.0,0.0,8.0,37.0,0.0,73.0,38.0,nevada
Explosives,327.0,4.0,0.0,18.0,2.0,6.0,67.0,1798.0,nevada
Fire/Incendiary Device,1608.0,102.0,0.0,25.0,8.0,7.0,49.0,376.0,nevada
Drugs/Narcotics/Sleeping Pills,1038.0,325.0,30.0,78.0,1215.0,3.0,47.0,436.0,nevada
Asphyxiation,17182.0,112.0,2.0,326.0,451.0,3.0,231.0,43.0,nevada
Other Weapon,229836.0,553.0,144.0,1985.0,5923.0,1784.0,8358.0,13459.0,nevada
Unknown Weapons,70461.0,843.0,430.0,1880.0,16026.0,1198.0,4556.0,4485.0,nevada
No Weapon/Force Involved,244564.0,,1485.0,12109.0,63031.0,15968.0,19085.0,13720.0,nevada
Firearms,277022.0,13950.0,97.0,5312.0,2000.0,161.0,62094.0,269218.0,York
Firearm,92943.0,5225.0,22.0,1220.0,558.0,65.0,13379.0,66635.0,York
Automatic Firearm,2589.0,211.0,0.0,36.0,29.0,0.0,345.0,1585.0,York
Handgun,149516.0,6898.0,64.0,3482.0,1244.0,70.0,44086.0,171644.0,York
Automatic Handgun,4777.0,241.0,2.0,115.0,47.0,1.0,1253.0,5636.0,York
Rifle,13268.0,664.0,5.0,238.0,24.0,11.0,1474.0,11238.0,York
Automatic Rifle,868.0,54.0,0.0,14.0,3.0,3.0,112.0,518.0,York
Shotgun,4958.0,211.0,2.0,107.0,26.0,3.0,481.0,6109.0,York
Automatic Shotgun,92.0,5.0,0.0,4.0,0.0,0.0,6.0,78.0,York
Other Firearm,7764.0,431.0,2.0,89.0,68.0,6.0,924.0,5631.0,York
Automatic Other Firearm,247.0,10.0,0.0,7.0,1.0,2.0,34.0,144.0,York
Knife/Cutting Instrument,100762.0,1313.0,10.0,2020.0,1212.0,34.0,11797.0,23481.0,York
Personal Weapons,1661678.0,684.0,503.0,19490.0,105508.0,1128.0,42900.0,1121.0,York
All Other,417165.0,3447.0,629.0,5503.0,24193.0,3025.0,18567.0,26590.0,York
Blunt Object,60919.0,355.0,12.0,526.0,488.0,16.0,4298.0,5569.0,York
Motor Vehicle,35141.0,1135.0,11.0,657.0,43.0,8.0,888.0,386.0,York
Poison,653.0,18.0,0.0,8.0,37.0,0.0,73.0,38.0,York
Explosives,327.0,4.0,0.0,18.0,2.0,6.0,67.0,1798.0,York
Fire/Incendiary Device,1608.0,102.0,0.0,25.0,8.0,7.0,49.0,376.0,York
Drugs/Narcotics/Sleeping Pills,1038.0,325.0,30.0,78.0,1215.0,3.0,47.0,436.0,York
Asphyxiation,17182.0,112.0,2.0,326.0,451.0,3.0,231.0,43.0,York
Other Weapon,229836.0,553.0,144.0,1985.0,5923.0,1784.0,8358.0,13459.0,York
Unknown Weapons,70461.0,843.0,430.0,1880.0,16026.0,1198.0,4556.0,4485.0,York
No Weapon/Force Involved,244564.0,,1485.0,12109.0,63031.0,15968.0,19085.0,13720.0,York
Firearms,277022.0,13950.0,97.0,5312.0,2000.0,161.0,62094.0,269218.0,ohio
Firearm,92943.0,5225.0,22.0,1220.0,558.0,65.0,13379.0,66635.0,ohio
Automatic Firearm,2589.0,211.0,0.0,36.0,29.0,0.0,345.0,1585.0,ohio
Handgun,149516.0,6898.0,64.0,3482.0,1244.0,70.0,44086.0,171644.0,ohio
Automatic Handgun,4777.0,241.0,2.0,115.0,47.0,1.0,1253.0,5636.0,ohio
Rifle,13268.0,664.0,5.0,238.0,24.0,11.0,1474.0,11238.0,ohio
Automatic Rifle,868.0,54.0,0.0,14.0,3.0,3.0,112.0,518.0,ohio
Shotgun,4958.0,211.0,2.0,107.0,26.0,3.0,481.0,6109.0,ohio
Automatic Shotgun,92.0,5.0,0.0,4.0,0.0,0.0,6.0,78.0,ohio
Other Firearm,7764.0,431.0,2.0,89.0,68.0,6.0,924.0,5631.0,ohio
Automatic Other Firearm,247.0,10.0,0.0,7.0,1.0,2.0,34.0,144.0,ohio
Knife/Cutting Instrument,100762.0,1313.0,10.0,2020.0,1212.0,34.0,11797.0,23481.0,ohio
Personal Weapons,1661678.0,684.0,503.0,19490.0,105508.0,1128.0,42900.0,1121.0,ohio
All Other,417165.0,3447.0,629.0,5503.0,24193.0,3025.0,18567.0,26590.0,ohio
Blunt Object,60919.0,355.0,12.0,526.0,488.0,16.0,4298.0,5569.0,ohio
Motor Vehicle,35141.0,1135.0,11.0,657.0,43.0,8.0,888.0,386.0,ohio
Poison,653.0,18.0,0.0,8.0,37.0,0.0,73.0,38.0,ohio
Explosives,327.0,4.0,0.0,18.0,2.0,6.0,67.0,1798.0,ohio
Fire/Incendiary Device,1608.0,102.0,0.0,25.0,8.0,7.0,49.0,376.0,ohio
Drugs/Narcotics/Sleeping Pills,1038.0,325.0,30.0,78.0,1215.0,3.0,47.0,436.0,ohio
Asphyxiation,17182.0,112.0,2.0,326.0,451.0,3.0,231.0,43.0,ohio
Other Weapon,229836.0,553.0,144.0,1985.0,5923.0,1784.0,8358.0,13459.0,ohio
Unknown Weapons,70461.0,843.0,430.0,1880.0,16026.0,1198.0,4556.0,4485.0,ohio
No Weapon/Force Involved,244564.0,,1485.0,12109.0,63031.0,15968.0,19085.0,13720.0,ohio
Firearms,277022.0,13950.0,97.0,5312.0,2000.0,161.0,62094.0,269218.0,oklahoma
Firearm,92943.0,5225.0,22.0,1220.0,558.0,65.0,13379.0,66635.0,oklahoma
Automatic Firearm,2589.0,211.0,0.0,36.0,29.0,0.0,345.0,1585.0,oklahoma
Handgun,149516.0,6898.0,64.0,3482.0,1244.0,70.0,44086.0,171644.0,oklahoma
Automatic Handgun,4777.0,241.0,2.0,115.0,47.0,1.0,1253.0,5636.0,oklahoma
Rifle,13268.0,664.0,5.0,238.0,24.0,11.0,1474.0,11238.0,oklahoma
Automatic Rifle,868.0,54.0,0.0,14.0,3.0,3.0,112.0,518.0,oklahoma
Shotgun,4958.0,211.0,2.0,107.0,26.0,3.0,481.0,6109.0,oklahoma
Automatic Shotgun,92.0,5.0,0.0,4.0,0.0,0.0,6.0,78.0,oklahoma
Other Firearm,7764.0,431.0,2.0,89.0,68.0,6.0,924.0,5631.0,oklahoma
Automatic Other Firearm,247.0,10.0,0.0,7.0,1.0,2.0,34.0,144.0,oklahoma
Knife/Cutting Instrument,100762.0,1313.0,10.0,2020.0,1212.0,34.0,11797.0,23481.0,oklahoma
Personal Weapons,1661678.0,684.0,503.0,19490.0,105508.0,1128.0,42900.0,1121.0,oklahoma
All Other,417165.0,3447.0,629.0,5503.0,24193.0,3025.0,18567.0,26590.0,oklahoma
Blunt Object,60919.0,355.0,12.0,526.0,488.0,16.0,4298.0,5569.0,oklahoma
Motor Vehicle,35141.0,1135.0,11.0,657.0,43.0,8.0,888.0,386.0,oklahoma
Poison,653.0,18.0,0.0,8.0,37.0,0.0,73.0,38.0,oklahoma
Explosives,327.0,4.0,0.0,18.0,2.0,6.0,67.0,1798.0,oklahoma
Fire/Incendiary Device,1608.0,102.0,0.0,25.0,8.0,7.0,49.0,376.0,oklahoma
Drugs/Narcotics/Sleeping Pills,1038.0,325.0,30.0,78.0,1215.0,3.0,47.0,436.0,oklahoma
Asphyxiation,17182.0,112.0,2.0,326.0,451.0,3.0,231.0,43.0,oklahoma
Other Weapon,229836.0,553.0,144.0,1985.0,5923.0,1784.0,8358.0,13459.0,oklahoma
Unknown Weapons,70461.0,843.0,430.0,1880.0,16026.0,1198.0,4556.0,4485.0,oklahoma
No Weapon/Force Involved,244564.0,,1485.0,12109.0,63031.0,15968.0,19085.0,13720.0,oklahoma
Firearms,277022.0,13950.0,97.0,5312.0,2000.0,161.0,62094.0,269218.0,oregon
Firearm,92943.0,5225.0,22.0,1220.0,558.0,65.0,13379.0,66635.0,oregon
Automatic Firearm,2589.0,211.0,0.0,36.0,29.0,0.0,345.0,1585.0,oregon
Handgun,149516.0,6898.0,64.0,3482.0,1244.0,70.0,44086.0,171644.0,oregon
Automatic Handgun,4777.0,241.0,2.0,115.0,47.0,1.0,1253.0,5636.0,oregon
Rifle,13268.0,664.0,5.0,238.0,24.0,11.0,1474.0,11238.0,oregon
Automatic Rifle,868.0,54.0,0.0,14.0,3.0,3.0,112.0,518.0,oregon
Shotgun,4958.0,211.0,2.0,107.0,26.0,3.0,481.0,6109.0,oregon
Automatic Shotgun,92.0,5.0,0.0,4.0,0.0,0.0,6.0,78.0,oregon
Other Firearm,7764.0,431.0,2.0,89.0,68.0,6.0,924.0,5631.0,oregon
Automatic Other Firearm,247.0,10.0,0.0,7.0,1.0,2.0,34.0,144.0,oregon
Knife/Cutting Instrument,100762.0,1313.0,10.0,2020.0,1212.0,34.0,11797.0,23481.0,oregon
Personal Weapons,1661678.0,684.0,503.0,19490.0,105508.0,1128.0,42900.0,1121.0,oregon
All Other,417165.0,3447.0,629.0,5503.0,24193.0,3025.0,18567.0,26590.0,oregon
Blunt Object,60919.0,355.0,12.0,526.0,488.0,16.0,4298.0,5569.0,oregon
Motor Vehicle,35141.0,1135.0,11.0,657.0,43.0,8.0,888.0,386.0,oregon
Poison,653.0,18.0,0.0,8.0,37.0,0.0,73.0,38.0,oregon
Explosives,327.0,4.0,0.0,18.0,2.0,6.0,67.0,1798.0,oregon
Fire/Incendiary Device,1608.0,102.0,0.0,25.0,8.0,7.0,49.0,376.0,oregon
Drugs/Narcotics/Sleeping Pills,1038.0,325.0,30.0,78.0,1215.0,3.0,47.0,436.0,oregon
Asphyxiation,17182.0,112.0,2.0,326.0,451.0,3.0,231.0,43.0,oregon
Other Weapon,229836.0,553.0,144.0,1985.0,5923.0,1784.0,8358.0,13459.0,oregon
Unknown Weapons,70461.0,843.0,430.0,1880.0,16026.0,1198.0,4556.0,4485.0,oregon
No Weapon/Force Involved,244564.0,,1485.0,12109.0,63031.0,15968.0,19085.0,13720.0,oregon
Firearms,277022.0,13950.0,97.0,5312.0,2000.0,161.0,62094.0,269218.0,pennsylvania
Firearm,92943.0,5225.0,22.0,1220.0,558.0,65.0,13379.0,66635.0,pennsylvania
Automatic Firearm,2589.0,211.0,0.0,36.0,29.0,0.0,345.0,1585.0,pennsylvania
Handgun,149516.0,6898.0,64.0,3482.0,1244.0,70.0,44086.0,171644.0,pennsylvania
Automatic Handgun,4777.0,241.0,2.0,115.0,47.0,1.0,1253.0,5636.0,pennsylvania
Rifle,13268.0,664.0,5.0,238.0,24.0,11.0,1474.0,11238.0,pennsylvania
Automatic Rifle,868.0,54.0,0.0,14.0,3.0,3.0,112.0,518.0,pennsylvania
Shotgun,4958.0,211.0,2.0,107.0,26.0,3.0,481.0,6109.0,pennsylvania
Automatic Shotgun,92.0,5.0,0.0,4.0,0.0,0.0,6.0,78.0,pennsylvania
Other Firearm,7764.0,431.0,2.0,89.0,68.0,6.0,924.0,5631.0,pennsylvania
Automatic Other Firearm,247.0,10.0,0.0,7.0,1.0,2.0,34.0,144.0,pennsylvania
Knife/Cutting Instrument,100762.0,1313.0,10.0,2020.0,1212.0,34.0,11797.0,23481.0,pennsylvania
Personal Weapons,1661678.0,684.0,503.0,19490.0,105508.0,1128.0,42900.0,1121.0,pennsylvania
All Other,417165.0,3447.0,629.0,5503.0,24193.0,3025.0,18567.0,26590.0,pennsylvania
Blunt Object,60919.0,355.0,12.0,526.0,488.0,16.0,4298.0,5569.0,pennsylvania
Motor Vehicle,35141.0,1135.0,11.0,657.0,43.0,8.0,888.0,386.0,pennsylvania
Poison,653.0,18.0,0.0,8.0,37.0,0.0,73.0,38.0,pennsylvania
Explosives,327.0,4.0,0.0,18.0,2.0,6.0,67.0,1798.0,pennsylvania
Fire/Incendiary Device,1608.0,102.0,0.0,25.0,8.0,7.0,49.0,376.0,pennsylvania
Drugs/Narcotics/Sleeping Pills,1038.0,325.0,30.0,78.0,1215.0,3.0,47.0,436.0,pennsylvania
Asphyxiation,17182.0,112.0,2.0,326.0,451.0,3.0,231.0,43.0,pennsylvania
Other Weapon,229836.0,553.0,144.0,1985.0,5923.0,1784.0,8358.0,13459.0,pennsylvania
Unknown Weapons,70461.0,843.0,430.0,1880.0,16026.0,1198.0,4556.0,4485.0,pennsylvania
No Weapon/Force Involved,244564.0,,1485.0,12109.0,63031.0,15968.0,19085.0,13720.0,pennsylvania
Firearms,277022.0,13950.0,97.0,5312.0,2000.0,161.0,62094.0,269218.0,pr
Firearm,92943.0,5225.0,22.0,1220.0,558.0,65.0,13379.0,66635.0,pr
Automatic Firearm,2589.0,211.0,0.0,36.0,29.0,0.0,345.0,1585.0,pr
Handgun,149516.0,6898.0,64.0,3482.0,1244.0,70.0,44086.0,171644.0,pr
Automatic Handgun,4777.0,241.0,2.0,115.0,47.0,1.0,1253.0,5636.0,pr
Rifle,13268.0,664.0,5.0,238.0,24.0,11.0,1474.0,11238.0,pr
Automatic Rifle,868.0,54.0,0.0,14.0,3.0,3.0,112.0,518.0,pr
Shotgun,4958.0,211.0,2.0,107.0,26.0,3.0,481.0,6109.0,pr
Automatic Shotgun,92.0,5.0,0.0,4.0,0.0,0.0,6.0,78.0,pr
Other Firearm,7764.0,431.0,2.0,89.0,68.0,6.0,924.0,5631.0,pr
Automatic Other Firearm,247.0,10.0,0.0,7.0,1.0,2.0,34.0,144.0,pr
Knife/Cutting Instrument,100762.0,1313.0,10.0,2020.0,1212.0,34.0,11797.0,23481.0,pr
Personal Weapons,1661678.0,684.0,503.0,19490.0,105508.0,1128.0,42900.0,1121.0,pr
All Other,417165.0,3447.0,629.0,5503.0,24193.0,3025.0,18567.0,26590.0,pr
Blunt Object,60919.0,355.0,12.0,526.0,488.0,16.0,4298.0,5569.0,pr
Motor Vehicle,35141.0,1135.0,11.0,657.0,43.0,8.0,888.0,386.0,pr
Poison,653.0,18.0,0.0,8.0,37.0,0.0,73.0,38.0,pr
Explosives,327.0,4.0,0.0,18.0,2.0,6.0,67.0,1798.0,pr
Fire/Incendiary Device,1608.0,102.0,0.0,25.0,8.0,7.0,49.0,376.0,pr
Drugs/Narcotics/Sleeping Pills,1038.0,325.0,30.0,78.0,1215.0,3.0,47.0,436.0,pr
Asphyxiation,17182.0,112.0,2.0,326.0,451.0,3.0,231.0,43.0,pr
Other Weapon,229836.0,553.0,144.0,1985.0,5923.0,1784.0,8358.0,13459.0,pr
Unknown Weapons,70461.0,843.0,430.0,1880.0,16026.0,1198.0,4556.0,4485.0,pr
No Weapon/Force Involved,244564.0,,1485.0,12109.0,63031.0,15968.0,19085.0,13720.0,pr
Firearms,277022.0,13950.0,97.0,5312.0,2000.0,161.0,62094.0,269218.0,Rhode
Firearm,92943.0,5225.0,22.0,1220.0,558.0,65.0,13379.0,66635.0,Rhode
Automatic Firearm,2589.0,211.0,0.0,36.0,29.0,0.0,345.0,1585.0,Rhode
Handgun,149516.0,6898.0,64.0,3482.0,1244.0,70.0,44086.0,171644.0,Rhode
Automatic Handgun,4777.0,241.0,2.0,115.0,47.0,1.0,1253.0,5636.0,Rhode
Rifle,13268.0,664.0,5.0,238.0,24.0,11.0,1474.0,11238.0,Rhode
Automatic Rifle,868.0,54.0,0.0,14.0,3.0,3.0,112.0,518.0,Rhode
Shotgun,4958.0,211.0,2.0,107.0,26.0,3.0,481.0,6109.0,Rhode
Automatic Shotgun,92.0,5.0,0.0,4.0,0.0,0.0,6.0,78.0,Rhode
Other Firearm,7764.0,431.0,2.0,89.0,68.0,6.0,924.0,5631.0,Rhode
Automatic Other Firearm,247.0,10.0,0.0,7.0,1.0,2.0,34.0,144.0,Rhode
Knife/Cutting Instrument,100762.0,1313.0,10.0,2020.0,1212.0,34.0,11797.0,23481.0,Rhode
Personal Weapons,1661678.0,684.0,503.0,19490.0,105508.0,1128.0,42900.0,1121.0,Rhode
All Other,417165.0,3447.0,629.0,5503.0,24193.0,3025.0,18567.0,26590.0,Rhode
Blunt Object,60919.0,355.0,12.0,526.0,488.0,16.0,4298.0,5569.0,Rhode
Motor Vehicle,35141.0,1135.0,11.0,657.0,43.0,8.0,888.0,386.0,Rhode
Poison,653.0,18.0,0.0,8.0,37.0,0.0,73.0,38.0,Rhode
Explosives,327.0,4.0,0.0,18.0,2.0,6.0,67.0,1798.0,Rhode
Fire/Incendiary Device,1608.0,102.0,0.0,25.0,8.0,7.0,49.0,376.0,Rhode
Drugs/Narcotics/Sleeping Pills,1038.0,325.0,30.0,78.0,1215.0,3.0,47.0,436.0,Rhode
Asphyxiation,17182.0,112.0,2.0,326.0,451.0,3.0,231.0,43.0,Rhode
Other Weapon,229836.0,553.0,144.0,1985.0,5923.0,1784.0,8358.0,13459.0,Rhode
Unknown Weapons,70461.0,843.0,430.0,1880.0,16026.0,1198.0,4556.0,4485.0,Rhode
No Weapon/Force Involved,244564.0,,1485.0,12109.0,63031.0,15968.0,19085.0,13720.0,Rhode
Firearms,277022.0,13950.0,97.0,5312.0,2000.0,161.0,62094.0,269218.0,Samoa
Firearm,92943.0,5225.0,22.0,1220.0,558.0,65.0,13379.0,66635.0,Samoa
Automatic Firearm,2589.0,211.0,0.0,36.0,29.0,0.0,345.0,1585.0,Samoa
Handgun,149516.0,6898.0,64.0,3482.0,1244.0,70.0,44086.0,171644.0,Samoa
Automatic Handgun,4777.0,241.0,2.0,115.0,47.0,1.0,1253.0,5636.0,Samoa
Rifle,13268.0,664.0,5.0,238.0,24.0,11.0,1474.0,11238.0,Samoa
Automatic Rifle,868.0,54.0,0.0,14.0,3.0,3.0,112.0,518.0,Samoa
Shotgun,4958.0,211.0,2.0,107.0,26.0,3.0,481.0,6109.0,Samoa
Automatic Shotgun,92.0,5.0,0.0,4.0,0.0,0.0,6.0,78.0,Samoa
Other Firearm,7764.0,431.0,2.0,89.0,68.0,6.0,924.0,5631.0,Samoa
Automatic Other Firearm,247.0,10.0,0.0,7.0,1.0,2.0,34.0,144.0,Samoa
Knife/Cutting Instrument,100762.0,1313.0,10.0,2020.0,1212.0,34.0,11797.0,23481.0,Samoa
Personal Weapons,1661678.0,684.0,503.0,19490.0,105508.0,1128.0,42900.0,1121.0,Samoa
All Other,417165.0,3447.0,629.0,5503.0,24193.0,3025.0,18567.0,26590.0,Samoa
Blunt Object,60919.0,355.0,12.0,526.0,488.0,16.0,4298.0,5569.0,Samoa
Motor Vehicle,35141.0,1135.0,11.0,657.0,43.0,8.0,888.0,386.0,Samoa
Poison,653.0,18.0,0.0,8.0,37.0,0.0,73.0,38.0,Samoa
Explosives,327.0,4.0,0.0,18.0,2.0,6.0,67.0,1798.0,Samoa
Fire/Incendiary Device,1608.0,102.0,0.0,25.0,8.0,7.0,49.0,376.0,Samoa
Drugs/Narcotics/Sleeping Pills,1038.0,325.0,30.0,78.0,1215.0,3.0,47.0,436.0,Samoa
Asphyxiation,17182.0,112.0,2.0,326.0,451.0,3.0,231.0,43.0,Samoa
Other Weapon,229836.0,553.0,144.0,1985.0,5923.0,1784.0,8358.0,13459.0,Samoa
Unknown Weapons,70461.0,843.0,430.0,1880.0,16026.0,1198.0,4556.0,4485.0,Samoa
No Weapon/Force Involved,244564.0,,1485.0,12109.0,63031.0,15968.0,19085.0,13720.0,Samoa
Firearms,277022.0,13950.0,97.0,5312.0,2000.0,161.0,62094.0,269218.0,Carolina
Firearm,92943.0,5225.0,22.0,1220.0,558.0,65.0,13379.0,66635.0,Carolina
Automatic Firearm,2589.0,211.0,0.0,36.0,29.0,0.0,345.0,1585.0,Carolina
Handgun,149516.0,6898.0,64.0,3482.0,1244.0,70.0,44086.0,171644.0,Carolina
Automatic Handgun,4777.0,241.0,2.0,115.0,47.0,1.0,1253.0,5636.0,Carolina
Rifle,13268.0,664.0,5.0,238.0,24.0,11.0,1474.0,11238.0,Carolina
Automatic Rifle,868.0,54.0,0.0,14.0,3.0,3.0,112.0,518.0,Carolina
Shotgun,4958.0,211.0,2.0,107.0,26.0,3.0,481.0,6109.0,Carolina
Automatic Shotgun,92.0,5.0,0.0,4.0,0.0,0.0,6.0,78.0,Carolina
Other Firearm,7764.0,431.0,2.0,89.0,68.0,6.0,924.0,5631.0,Carolina
Automatic Other Firearm,247.0,10.0,0.0,7.0,1.0,2.0,34.0,144.0,Carolina
Knife/Cutting Instrument,100762.0,1313.0,10.0,2020.0,1212.0,34.0,11797.0,23481.0,Carolina
Personal Weapons,1661678.0,684.0,503.0,19490.0,105508.0,1128.0,42900.0,1121.0,Carolina
All Other,417165.0,3447.0,629.0,5503.0,24193.0,3025.0,18567.0,26590.0,Carolina
Blunt Object,60919.0,355.0,12.0,526.0,488.0,16.0,4298.0,5569.0,Carolina
Motor Vehicle,35141.0,1135.0,11.0,657.0,43.0,8.0,888.0,386.0,Carolina
Poison,653.0,18.0,0.0,8.0,37.0,0.0,73.0,38.0,Carolina
Explosives,327.0,4.0,0.0,18.0,2.0,6.0,67.0,1798.0,Carolina
Fire/Incendiary Device,1608.0,102.0,0.0,25.0,8.0,7.0,49.0,376.0,Carolina
Drugs/Narcotics/Sleeping Pills,1038.0,325.0,30.0,78.0,1215.0,3.0,47.0,436.0,Carolina
Asphyxiation,17182.0,112.0,2.0,326.0,451.0,3.0,231.0,43.0,Carolina
Other Weapon,229836.0,553.0,144.0,1985.0,5923.0,1784.0,8358.0,13459.0,Carolina
Unknown Weapons,70461.0,843.0,430.0,1880.0,16026.0,1198.0,4556.0,4485.0,Carolina
No Weapon/Force Involved,244564.0,,1485.0,12109.0,63031.0,15968.0,19085.0,13720.0,Carolina
Firearms,277022.0,13950.0,97.0,5312.0,2000.0,161.0,62094.0,269218.0,Dakota
Firearm,92943.0,5225.0,22.0,1220.0,558.0,65.0,13379.0,66635.0,Dakota
Automatic Firearm,2589.0,211.0,0.0,36.0,29.0,0.0,345.0,1585.0,Dakota
Handgun,149516.0,6898.0,64.0,3482.0,1244.0,70.0,44086.0,171644.0,Dakota
Automatic Handgun,4777.0,241.0,2.0,115.0,47.0,1.0,1253.0,5636.0,Dakota
Rifle,13268.0,664.0,5.0,238.0,24.0,11.0,1474.0,11238.0,Dakota
Automatic Rifle,868.0,54.0,0.0,14.0,3.0,3.0,112.0,518.0,Dakota
Shotgun,4958.0,211.0,2.0,107.0,26.0,3.0,481.0,6109.0,Dakota
Automatic Shotgun,92.0,5.0,0.0,4.0,0.0,0.0,6.0,78.0,Dakota
Other Firearm,7764.0,431.0,2.0,89.0,68.0,6.0,924.0,5631.0,Dakota
Automatic Other Firearm,247.0,10.0,0.0,7.0,1.0,2.0,34.0,144.0,Dakota
Knife/Cutting Instrument,100762.0,1313.0,10.0,2020.0,1212.0,34.0,11797.0,23481.0,Dakota
Personal Weapons,1661678.0,684.0,503.0,19490.0,105508.0,1128.0,42900.0,1121.0,Dakota
All Other,417165.0,3447.0,629.0,5503.0,24193.0,3025.0,18567.0,26590.0,Dakota
Blunt Object,60919.0,355.0,12.0,526.0,488.0,16.0,4298.0,5569.0,Dakota
Motor Vehicle,35141.0,1135.0,11.0,657.0,43.0,8.0,888.0,386.0,Dakota
Poison,653.0,18.0,0.0,8.0,37.0,0.0,73.0,38.0,Dakota
Explosives,327.0,4.0,0.0,18.0,2.0,6.0,67.0,1798.0,Dakota
Fire/Incendiary Device,1608.0,102.0,0.0,25.0,8.0,7.0,49.0,376.0,Dakota
Drugs/Narcotics/Sleeping Pills,1038.0,325.0,30.0,78.0,1215.0,3.0,47.0,436.0,Dakota
Asphyxiation,17182.0,112.0,2.0,326.0,451.0,3.0,231.0,43.0,Dakota
Other Weapon,229836.0,553.0,144.0,1985.0,5923.0,1784.0,8358.0,13459.0,Dakota
Unknown Weapons,70461.0,843.0,430.0,1880.0,16026.0,1198.0,4556.0,4485.0,Dakota
No Weapon/Force Involved,244564.0,,1485.0,12109.0,63031.0,15968.0,19085.0,13720.0,Dakota
Firearms,277022.0,13950.0,97.0,5312.0,2000.0,161.0,62094.0,269218.0,Tennessee
Firearm,92943.0,5225.0,22.0,1220.0,558.0,65.0,13379.0,66635.0,Tennessee
Automatic Firearm,2589.0,211.0,0.0,36.0,29.0,0.0,345.0,1585.0,Tennessee
Handgun,149516.0,6898.0,64.0,3482.0,1244.0,70.0,44086.0,171644.0,Tennessee
Automatic Handgun,4777.0,241.0,2.0,115.0,47.0,1.0,1253.0,5636.0,Tennessee
Rifle,13268.0,664.0,5.0,238.0,24.0,11.0,1474.0,11238.0,Tennessee
Automatic Rifle,868.0,54.0,0.0,14.0,3.0,3.0,112.0,518.0,Tennessee
Shotgun,4958.0,211.0,2.0,107.0,26.0,3.0,481.0,6109.0,Tennessee
Automatic Shotgun,92.0,5.0,0.0,4.0,0.0,0.0,6.0,78.0,Tennessee
Other Firearm,7764.0,431.0,2.0,89.0,68.0,6.0,924.0,5631.0,Tennessee
Automatic Other Firearm,247.0,10.0,0.0,7.0,1.0,2.0,34.0,144.0,Tennessee
Knife/Cutting Instrument,100762.0,1313.0,10.0,2020.0,1212.0,34.0,11797.0,23481.0,Tennessee
Personal Weapons,1661678.0,684.0,503.0,19490.0,105508.0,1128.0,42900.0,1121.0,Tennessee
All Other,417165.0,3447.0,629.0,5503.0,24193.0,3025.0,18567.0,26590.0,Tennessee
Blunt Object,60919.0,355.0,12.0,526.0,488.0,16.0,4298.0,5569.0,Tennessee
Motor Vehicle,35141.0,1135.0,11.0,657.0,43.0,8.0,888.0,386.0,Tennessee
Poison,653.0,18.0,0.0,8.0,37.0,0.0,73.0,38.0,Tennessee
Explosives,327.0,4.0,0.0,18.0,2.0,6.0,67.0,1798.0,Tennessee
Fire/Incendiary Device,1608.0,102.0,0.0,25.0,8.0,7.0,49.0,376.0,Tennessee
Drugs/Narcotics/Sleeping Pills,1038.0,325.0,30.0,78.0,1215.0,3.0,47.0,436.0,Tennessee
Asphyxiation,17182.0,112.0,2.0,326.0,451.0,3.0,231.0,43.0,Tennessee
Other Weapon,229836.0,553.0,144.0,1985.0,5923.0,1784.0,8358.0,13459.0,Tennessee
Unknown Weapons,70461.0,843.0,430.0,1880.0,16026.0,1198.0,4556.0,4485.0,Tennessee
No Weapon/Force Involved,244564.0,,1485.0,12109.0,63031.0,15968.0,19085.0,13720.0,Tennessee
Firearms,277022.0,13950.0,97.0,5312.0,2000.0,161.0,62094.0,269218.0,Texas
Firearm,92943.0,5225.0,22.0,1220.0,558.0,65.0,13379.0,66635.0,Texas
Automatic Firearm,2589.0,211.0,0.0,36.0,29.0,0.0,345.0,1585.0,Texas
Handgun,149516.0,6898.0,64.0,3482.0,1244.0,70.0,44086.0,171644.0,Texas
Automatic Handgun,4777.0,241.0,2.0,115.0,47.0,1.0,1253.0,5636.0,Texas
Rifle,13268.0,664.0,5.0,238.0,24.0,11.0,1474.0,11238.0,Texas
Automatic Rifle,868.0,54.0,0.0,14.0,3.0,3.0,112.0,518.0,Texas
Shotgun,4958.0,211.0,2.0,107.0,26.0,3.0,481.0,6109.0,Texas
Automatic Shotgun,92.0,5.0,0.0,4.0,0.0,0.0,6.0,78.0,Texas
Other Firearm,7764.0,431.0,2.0,89.0,68.0,6.0,924.0,5631.0,Texas
Automatic Other Firearm,247.0,10.0,0.0,7.0,1.0,2.0,34.0,144.0,Texas
Knife/Cutting Instrument,100762.0,1313.0,10.0,2020.0,1212.0,34.0,11797.0,23481.0,Texas
Personal Weapons,1661678.0,684.0,503.0,19490.0,105508.0,1128.0,42900.0,1121.0,Texas
All Other,417165.0,3447.0,629.0,5503.0,24193.0,3025.0,18567.0,26590.0,Texas
Blunt Object,60919.0,355.0,12.0,526.0,488.0,16.0,4298.0,5569.0,Texas
Motor Vehicle,35141.0,1135.0,11.0,657.0,43.0,8.0,888.0,386.0,Texas
Poison,653.0,18.0,0.0,8.0,37.0,0.0,73.0,38.0,Texas
Explosives,327.0,4.0,0.0,18.0,2.0,6.0,67.0,1798.0,Texas
Fire/Incendiary Device,1608.0,102.0,0.0,25.0,8.0,7.0,49.0,376.0,Texas
Drugs/Narcotics/Sleeping Pills,1038.0,325.0,30.0,78.0,1215.0,3.0,47.0,436.0,Texas
Asphyxiation,17182.0,112.0,2.0,326.0,451.0,3.0,231.0,43.0,Texas
Other Weapon,229836.0,553.0,144.0,1985.0,5923.0,1784.0,8358.0,13459.0,Texas
Unknown Weapons,70461.0,843.0,430.0,1880.0,16026.0,1198.0,4556.0,4485.0,Texas
No Weapon/Force Involved,244564.0,,1485.0,12109.0,63031.0,15968.0,19085.0,13720.0,Texas
Firearms,277022.0,13950.0,97.0,5312.0,2000.0,161.0,62094.0,269218.0,utah
Firearm,92943.0,5225.0,22.0,1220.0,558.0,65.0,13379.0,66635.0,utah
Automatic Firearm,2589.0,211.0,0.0,36.0,29.0,0.0,345.0,1585.0,utah
Handgun,149516.0,6898.0,64.0,3482.0,1244.0,70.0,44086.0,171644.0,utah
Automatic Handgun,4777.0,241.0,2.0,115.0,47.0,1.0,1253.0,5636.0,utah
Rifle,13268.0,664.0,5.0,238.0,24.0,11.0,1474.0,11238.0,utah
Automatic Rifle,868.0,54.0,0.0,14.0,3.0,3.0,112.0,518.0,utah
Shotgun,4958.0,211.0,2.0,107.0,26.0,3.0,481.0,6109.0,utah
Automatic Shotgun,92.0,5.0,0.0,4.0,0.0,0.0,6.0,78.0,utah
Other Firearm,7764.0,431.0,2.0,89.0,68.0,6.0,924.0,5631.0,utah
Automatic Other Firearm,247.0,10.0,0.0,7.0,1.0,2.0,34.0,144.0,utah
Knife/Cutting Instrument,100762.0,1313.0,10.0,2020.0,1212.0,34.0,11797.0,23481.0,utah
Personal Weapons,1661678.0,684.0,503.0,19490.0,105508.0,1128.0,42900.0,1121.0,utah
All Other,417165.0,3447.0,629.0,5503.0,24193.0,3025.0,18567.0,26590.0,utah
Blunt Object,60919.0,355.0,12.0,526.0,488.0,16.0,4298.0,5569.0,utah
Motor Vehicle,35141.0,1135.0,11.0,657.0,43.0,8.0,888.0,386.0,utah
Poison,653.0,18.0,0.0,8.0,37.0,0.0,73.0,38.0,utah
Explosives,327.0,4.0,0.0,18.0,2.0,6.0,67.0,1798.0,utah
Fire/Incendiary Device,1608.0,102.0,0.0,25.0,8.0,7.0,49.0,376.0,utah
Drugs/Narcotics/Sleeping Pills,1038.0,325.0,30.0,78.0,1215.0,3.0,47.0,436.0,utah
Asphyxiation,17182.0,112.0,2.0,326.0,451.0,3.0,231.0,43.0,utah
Other Weapon,229836.0,553.0,144.0,1985.0,5923.0,1784.0,8358.0,13459.0,utah
Unknown Weapons,70461.0,843.0,430.0,1880.0,16026.0,1198.0,4556.0,4485.0,utah
No Weapon/Force Involved,244564.0,,1485.0,12109.0,63031.0,15968.0,19085.0,13720.0,utah
Firearms,277022.0,13950.0,97.0,5312.0,2000.0,161.0,62094.0,269218.0,vermont
Firearm,92943.0,5225.0,22.0,1220.0,558.0,65.0,13379.0,66635.0,vermont
Automatic Firearm,2589.0,211.0,0.0,36.0,29.0,0.0,345.0,1585.0,vermont
Handgun,149516.0,6898.0,64.0,3482.0,1244.0,70.0,44086.0,171644.0,vermont
Automatic Handgun,4777.0,241.0,2.0,115.0,47.0,1.0,1253.0,5636.0,vermont
Rifle,13268.0,664.0,5.0,238.0,24.0,11.0,1474.0,11238.0,vermont
Automatic Rifle,868.0,54.0,0.0,14.0,3.0,3.0,112.0,518.0,vermont
Shotgun,4958.0,211.0,2.0,107.0,26.0,3.0,481.0,6109.0,vermont
Automatic Shotgun,92.0,5.0,0.0,4.0,0.0,0.0,6.0,78.0,vermont
Other Firearm,7764.0,431.0,2.0,89.0,68.0,6.0,924.0,5631.0,vermont
Automatic Other Firearm,247.0,10.0,0.0,7.0,1.0,2.0,34.0,144.0,vermont
Knife/Cutting Instrument,100762.0,1313.0,10.0,2020.0,1212.0,34.0,11797.0,23481.0,vermont
Personal Weapons,1661678.0,684.0,503.0,19490.0,105508.0,1128.0,42900.0,1121.0,vermont
All Other,417165.0,3447.0,629.0,5503.0,24193.0,3025.0,18567.0,26590.0,vermont
Blunt Object,60919.0,355.0,12.0,526.0,488.0,16.0,4298.0,5569.0,vermont
Motor Vehicle,35141.0,1135.0,11.0,657.0,43.0,8.0,888.0,386.0,vermont
Poison,653.0,18.0,0.0,8.0,37.0,0.0,73.0,38.0,vermont
Explosives,327.0,4.0,0.0,18.0,2.0,6.0,67.0,1798.0,vermont
Fire/Incendiary Device,1608.0,102.0,0.0,25.0,8.0,7.0,49.0,376.0,vermont
Drugs/Narcotics/Sleeping Pills,1038.0,325.0,30.0,78.0,1215.0,3.0,47.0,436.0,vermont
Asphyxiation,17182.0,112.0,2.0,326.0,451.0,3.0,231.0,43.0,vermont
Other Weapon,229836.0,553.0,144.0,1985.0,5923.0,1784.0,8358.0,13459.0,vermont
Unknown Weapons,70461.0,843.0,430.0,1880.0,16026.0,1198.0,4556.0,4485.0,vermont
No Weapon/Force Involved,244564.0,,1485.0,12109.0,63031.0,15968.0,19085.0,13720.0,vermont
Firearms,277022.0,13950.0,97.0,5312.0,2000.0,161.0,62094.0,269218.0,virgin
Firearm,92943.0,5225.0,22.0,1220.0,558.0,65.0,13379.0,66635.0,virgin
Automatic Firearm,2589.0,211.0,0.0,36.0,29.0,0.0,345.0,1585.0,virgin
Handgun,149516.0,6898.0,64.0,3482.0,1244.0,70.0,44086.0,171644.0,virgin
Automatic Handgun,4777.0,241.0,2.0,115.0,47.0,1.0,1253.0,5636.0,virgin
Rifle,13268.0,664.0,5.0,238.0,24.0,11.0,1474.0,11238.0,virgin
Automatic Rifle,868.0,54.0,0.0,14.0,3.0,3.0,112.0,518.0,virgin
Shotgun,4958.0,211.0,2.0,107.0,26.0,3.0,481.0,6109.0,virgin
Automatic Shotgun,92.0,5.0,0.0,4.0,0.0,0.0,6.0,78.0,virgin
Other Firearm,7764.0,431.0,2.0,89.0,68.0,6.0,924.0,5631.0,virgin
Automatic Other Firearm,247.0,10.0,0.0,7.0,1.0,2.0,34.0,144.0,virgin
Knife/Cutting Instrument,100762.0,1313.0,10.0,2020.0,1212.0,34.0,11797.0,23481.0,virgin
Personal Weapons,1661678.0,684.0,503.0,19490.0,105508.0,1128.0,42900.0,1121.0,virgin
All Other,417165.0,3447.0,629.0,5503.0,24193.0,3025.0,18567.0,26590.0,virgin
Blunt Object,60919.0,355.0,12.0,526.0,488.0,16.0,4298.0,5569.0,virgin
Motor Vehicle,35141.0,1135.0,11.0,657.0,43.0,8.0,888.0,386.0,virgin
Poison,653.0,18.0,0.0,8.0,37.0,0.0,73.0,38.0,virgin
Explosives,327.0,4.0,0.0,18.0,2.0,6.0,67.0,1798.0,virgin
Fire/Incendiary Device,1608.0,102.0,0.0,25.0,8.0,7.0,49.0,376.0,virgin
Drugs/Narcotics/Sleeping Pills,1038.0,325.0,30.0,78.0,1215.0,3.0,47.0,436.0,virgin
Asphyxiation,17182.0,112.0,2.0,326.0,451.0,3.0,231.0,43.0,virgin
Other Weapon,229836.0,553.0,144.0,1985.0,5923.0,1784.0,8358.0,13459.0,virgin
Unknown Weapons,70461.0,843.0,430.0,1880.0,16026.0,1198.0,4556.0,4485.0,virgin
No Weapon/Force Involved,244564.0,,1485.0,12109.0,63031.0,15968.0,19085.0,13720.0,virgin
Firearms,277022.0,13950.0,97.0,5312.0,2000.0,161.0,62094.0,269218.0,virginia
Firearm,92943.0,5225.0,22.0,1220.0,558.0,65.0,13379.0,66635.0,virginia
Automatic Firearm,2589.0,211.0,0.0,36.0,29.0,0.0,345.0,1585.0,virginia
Handgun,149516.0,6898.0,64.0,3482.0,1244.0,70.0,44086.0,171644.0,virginia
Automatic Handgun,4777.0,241.0,2.0,115.0,47.0,1.0,1253.0,5636.0,virginia
Rifle,13268.0,664.0,5.0,238.0,24.0,11.0,1474.0,11238.0,virginia
Automatic Rifle,868.0,54.0,0.0,14.0,3.0,3.0,112.0,518.0,virginia
Shotgun,4958.0,211.0,2.0,107.0,26.0,3.0,481.0,6109.0,virginia
Automatic Shotgun,92.0,5.0,0.0,4.0,0.0,0.0,6.0,78.0,virginia
Other Firearm,7764.0,431.0,2.0,89.0,68.0,6.0,924.0,5631.0,virginia
Automatic Other Firearm,247.0,10.0,0.0,7.0,1.0,2.0,34.0,144.0,virginia
Knife/Cutting Instrument,100762.0,1313.0,10.0,2020.0,1212.0,34.0,11797.0,23481.0,virginia
Personal Weapons,1661678.0,684.0,503.0,19490.0,105508.0,1128.0,42900.0,1121.0,virginia
All Other,417165.0,3447.0,629.0,5503.0,24193.0,3025.0,18567.0,26590.0,virginia
Blunt Object,60919.0,355.0,12.0,526.0,488.0,16.0,4298.0,5569.0,virginia
Motor Vehicle,35141.0,1135.0,11.0,657.0,43.0,8.0,888.0,386.0,virginia
Poison,653.0,18.0,0.0,8.0,37.0,0.0,73.0,38.0,virginia
Explosives,327.0,4.0,0.0,18.0,2.0,6.0,67.0,1798.0,virginia
Fire/Incendiary Device,1608.0,102.0,0.0,25.0,8.0,7.0,49.0,376.0,virginia
Drugs/Narcotics/Sleeping Pills,1038.0,325.0,30.0,78.0,1215.0,3.0,47.0,436.0,virginia
Asphyxiation,17182.0,112.0,2.0,326.0,451.0,3.0,231.0,43.0,virginia
Other Weapon,229836.0,553.0,144.0,1985.0,5923.0,1784.0,8358.0,13459.0,virginia
Unknown Weapons,70461.0,843.0,430.0,1880.0,16026.0,1198.0,4556.0,4485.0,virginia
No Weapon/Force Involved,244564.0,,1485.0,12109.0,63031.0,15968.0,19085.0,13720.0,virginia
Firearms,277022.0,13950.0,97.0,5312.0,2000.0,161.0,62094.0,269218.0,washington
Firearm,92943.0,5225.0,22.0,1220.0,558.0,65.0,13379.0,66635.0,washington
Automatic Firearm,2589.0,211.0,0.0,36.0,29.0,0.0,345.0,1585.0,washington
Handgun,149516.0,6898.0,64.0,3482.0,1244.0,70.0,44086.0,171644.0,washington
Automatic Handgun,4777.0,241.0,2.0,115.0,47.0,1.0,1253.0,5636.0,washington
Rifle,13268.0,664.0,5.0,238.0,24.0,11.0,1474.0,11238.0,washington
Automatic Rifle,868.0,54.0,0.0,14.0,3.0,3.0,112.0,518.0,washington
Shotgun,4958.0,211.0,2.0,107.0,26.0,3.0,481.0,6109.0,washington
Automatic Shotgun,92.0,5.0,0.0,4.0,0.0,0.0,6.0,78.0,washington
Other Firearm,7764.0,431.0,2.0,89.0,68.0,6.0,924.0,5631.0,washington
Automatic Other Firearm,247.0,10.0,0.0,7.0,1.0,2.0,34.0,144.0,washington
Knife/Cutting Instrument,100762.0,1313.0,10.0,2020.0,1212.0,34.0,11797.0,23481.0,washington
Personal Weapons,1661678.0,684.0,503.0,19490.0,105508.0,1128.0,42900.0,1121.0,washington
All Other,417165.0,3447.0,629.0,5503.0,24193.0,3025.0,18567.0,26590.0,washington
Blunt Object,60919.0,355.0,12.0,526.0,488.0,16.0,4298.0,5569.0,washington
Motor Vehicle,35141.0,1135.0,11.0,657.0,43.0,8.0,888.0,386.0,washington
Poison,653.0,18.0,0.0,8.0,37.0,0.0,73.0,38.0,washington
Explosives,327.0,4.0,0.0,18.0,2.0,6.0,67.0,1798.0,washington
Fire/Incendiary Device,1608.0,102.0,0.0,25.0,8.0,7.0,49.0,376.0,washington
Drugs/Narcotics/Sleeping Pills,1038.0,325.0,30.0,78.0,1215.0,3.0,47.0,436.0,washington
Asphyxiation,17182.0,112.0,2.0,326.0,451.0,3.0,231.0,43.0,washington
Other Weapon,229836.0,553.0,144.0,1985.0,5923.0,1784.0,8358.0,13459.0,washington
Unknown Weapons,70461.0,843.0,430.0,1880.0,16026.0,1198.0,4556.0,4485.0,washington
No Weapon/Force Involved,244564.0,,1485.0,12109.0,63031.0,15968.0,19085.0,13720.0,washington
Firearms,277022.0,13950.0,97.0,5312.0,2000.0,161.0,62094.0,269218.0,westvirginia
Firearm,92943.0,5225.0,22.0,1220.0,558.0,65.0,13379.0,66635.0,westvirginia
Automatic Firearm,2589.0,211.0,0.0,36.0,29.0,0.0,345.0,1585.0,westvirginia
Handgun,149516.0,6898.0,64.0,3482.0,1244.0,70.0,44086.0,171644.0,westvirginia
Automatic Handgun,4777.0,241.0,2.0,115.0,47.0,1.0,1253.0,5636.0,westvirginia
Rifle,13268.0,664.0,5.0,238.0,24.0,11.0,1474.0,11238.0,westvirginia
Automatic Rifle,868.0,54.0,0.0,14.0,3.0,3.0,112.0,518.0,westvirginia
Shotgun,4958.0,211.0,2.0,107.0,26.0,3.0,481.0,6109.0,westvirginia
Automatic Shotgun,92.0,5.0,0.0,4.0,0.0,0.0,6.0,78.0,westvirginia
Other Firearm,7764.0,431.0,2.0,89.0,68.0,6.0,924.0,5631.0,westvirginia
Automatic Other Firearm,247.0,10.0,0.0,7.0,1.0,2.0,34.0,144.0,westvirginia
Knife/Cutting Instrument,100762.0,1313.0,10.0,2020.0,1212.0,34.0,11797.0,23481.0,westvirginia
Personal Weapons,1661678.0,684.0,503.0,19490.0,105508.0,1128.0,42900.0,1121.0,westvirginia
All Other,417165.0,3447.0,629.0,5503.0,24193.0,3025.0,18567.0,26590.0,westvirginia
Blunt Object,60919.0,355.0,12.0,526.0,488.0,16.0,4298.0,5569.0,westvirginia
Motor Vehicle,35141.0,1135.0,11.0,657.0,43.0,8.0,888.0,386.0,westvirginia
Poison,653.0,18.0,0.0,8.0,37.0,0.0,73.0,38.0,westvirginia
Explosives,327.0,4.0,0.0,18.0,2.0,6.0,67.0,1798.0,westvirginia
Fire/Incendiary Device,1608.0,102.0,0.0,25.0,8.0,7.0,49.0,376.0,westvirginia
Drugs/Narcotics/Sleeping Pills,1038.0,325.0,30.0,78.0,1215.0,3.0,47.0,436.0,westvirginia
Asphyxiation,17182.0,112.0,2.0,326.0,451.0,3.0,231.0,43.0,westvirginia
Other Weapon,229836.0,553.0,144.0,1985.0,5923.0,1784.0,8358.0,13459.0,westvirginia
Unknown Weapons,70461.0,843.0,430.0,1880.0,16026.0,1198.0,4556.0,4485.0,westvirginia
No Weapon/Force Involved,244564.0,,1485.0,12109.0,63031.0,15968.0,19085.0,13720.0,westvirginia
Firearms,277022.0,13950.0,97.0,5312.0,2000.0,161.0,62094.0,269218.0,wisconsin
Firearm,92943.0,5225.0,22.0,1220.0,558.0,65.0,13379.0,66635.0,wisconsin
Automatic Firearm,2589.0,211.0,0.0,36.0,29.0,0.0,345.0,1585.0,wisconsin
Handgun,149516.0,6898.0,64.0,3482.0,1244.0,70.0,44086.0,171644.0,wisconsin
Automatic Handgun,4777.0,241.0,2.0,115.0,47.0,1.0,1253.0,5636.0,wisconsin
Rifle,13268.0,664.0,5.0,238.0,24.0,11.0,1474.0,11238.0,wisconsin
Automatic Rifle,868.0,54.0,0.0,14.0,3.0,3.0,112.0,518.0,wisconsin
Shotgun,4958.0,211.0,2.0,107.0,26.0,3.0,481.0,6109.0,wisconsin
Automatic Shotgun,92.0,5.0,0.0,4.0,0.0,0.0,6.0,78.0,wisconsin
Other Firearm,7764.0,431.0,2.0,89.0,68.0,6.0,924.0,5631.0,wisconsin
Automatic Other Firearm,247.0,10.0,0.0,7.0,1.0,2.0,34.0,144.0,wisconsin
Knife/Cutting Instrument,100762.0,1313.0,10.0,2020.0,1212.0,34.0,11797.0,23481.0,wisconsin
Personal Weapons,1661678.0,684.0,503.0,19490.0,105508.0,1128.0,42900.0,1121.0,wisconsin
All Other,417165.0,3447.0,629.0,5503.0,24193.0,3025.0,18567.0,26590.0,wisconsin
Blunt Object,60919.0,355.0,12.0,526.0,488.0,16.0,4298.0,5569.0,wisconsin
Motor Vehicle,35141.0,1135.0,11.0,657.0,43.0,8.0,888.0,386.0,wisconsin
Poison,653.0,18.0,0.0,8.0,37.0,0.0,73.0,38.0,wisconsin
Explosives,327.0,4.0,0.0,18.0,2.0,6.0,67.0,1798.0,wisconsin
Fire/Incendiary Device,1608.0,102.0,0.0,25.0,8.0,7.0,49.0,376.0,wisconsin
Drugs/Narcotics/Sleeping Pills,1038.0,325.0,30.0,78.0,1215.0,3.0,47.0,436.0,wisconsin
Asphyxiation,17182.0,112.0,2.0,326.0,451.0,3.0,231.0,43.0,wisconsin
Other Weapon,229836.0,553.0,144.0,1985.0,5923.0,1784.0,8358.0,13459.0,wisconsin
Unknown Weapons,70461.0,843.0,430.0,1880.0,16026.0,1198.0,4556.0,4485.0,wisconsin
No Weapon/Force Involved,244564.0,,1485.0,12109.0,63031.0,15968.0,19085.0,13720.0,wisconsin
Firearms,277022.0,13950.0,97.0,5312.0,2000.0,161.0,62094.0,269218.0,wyoming
Firearm,92943.0,5225.0,22.0,1220.0,558.0,65.0,13379.0,66635.0,wyoming
Automatic Firearm,2589.0,211.0,0.0,36.0,29.0,0.0,345.0,1585.0,wyoming
Handgun,149516.0,6898.0,64.0,3482.0,1244.0,70.0,44086.0,171644.0,wyoming
Automatic Handgun,4777.0,241.0,2.0,115.0,47.0,1.0,1253.0,5636.0,wyoming
Rifle,13268.0,664.0,5.0,238.0,24.0,11.0,1474.0,11238.0,wyoming
Automatic Rifle,868.0,54.0,0.0,14.0,3.0,3.0,112.0,518.0,wyoming
Shotgun,4958.0,211.0,2.0,107.0,26.0,3.0,481.0,6109.0,wyoming
Automatic Shotgun,92.0,5.0,0.0,4.0,0.0,0.0,6.0,78.0,wyoming
Other Firearm,7764.0,431.0,2.0,89.0,68.0,6.0,924.0,5631.0,wyoming
Automatic Other Firearm,247.0,10.0,0.0,7.0,1.0,2.0,34.0,144.0,wyoming
Knife/Cutting Instrument,100762.0,1313.0,10.0,2020.0,1212.0,34.0,11797.0,23481.0,wyoming
Personal Weapons,1661678.0,684.0,503.0,19490.0,105508.0,1128.0,42900.0,1121.0,wyoming
All Other,417165.0,3447.0,629.0,5503.0,24193.0,3025.0,18567.0,26590.0,wyoming
Blunt Object,60919.0,355.0,12.0,526.0,488.0,16.0,4298.0,5569.0,wyoming
Motor Vehicle,35141.0,1135.0,11.0,657.0,43.0,8.0,888.0,386.0,wyoming
Poison,653.0,18.0,0.0,8.0,37.0,0.0,73.0,38.0,wyoming
Explosives,327.0,4.0,0.0,18.0,2.0,6.0,67.0,1798.0,wyoming
Fire/Incendiary Device,1608.0,102.0,0.0,25.0,8.0,7.0,49.0,376.0,wyoming
Drugs/Narcotics/Sleeping Pills,1038.0,325.0,30.0,78.0,1215.0,3.0,47.0,436.0,wyoming
Asphyxiation,17182.0,112.0,2.0,326.0,451.0,3.0,231.0,43.0,wyoming
Other Weapon,229836.0,553.0,144.0,1985.0,5923.0,1784.0,8358.0,13459.0,wyoming
Unknown Weapons,70461.0,843.0,430.0,1880.0,16026.0,1198.0,4556.0,4485.0,wyoming
No Weapon/Force Involved,244564.0,,1485.0,12109.0,63031.0,15968.0,19085.0,13720.0,wyoming
